PMC10363053, unknown, True, True, True, True, plants2.1,plants2.2,plants3.2,plants3.5,Arabidopsis3.32,Arabidopsisthaliana3.32,Solanum3.35,Solanumlycopersicum3.35,Beta3.35,Betavulgaris3.35,Beta3.36,Betavulgaris3.36,Brassica3.36,Brassicarapa3.36,Daucus3.36,Daucuscarota3.36,Carrot3.36,Glycine3.36,Glycinemax3.36,Oryza3.36,Oryzasativa3.36,Phaseolus3.36,Phaseolusvulgaris3.36,Solanum3.36,Solanumlycopersicum3.36,Tomato3.36,Solanumtuberosum3.36,Potato3.36,Vitis3.36,Vitisvinifera3.36,Arabidopsis3.36,Arabidopsisthaliana3.36,Thalecress3.36,Turnip3.36,plants3.56, microRNAs1.1,microRNAs2.2,smallRNA2.4,miRNAs2.4,pmiRNAs2.4,pmiRNAs2.5,pmiRNAs2.6,pmiRNAs2.7,pmiRNAs2.8,pmiRNAs2.9,pmiRNAs2.10,miRNAs3.1,MiRNAs3.2,miRNA3.3,miRNA3.4,miRNAs3.5,miRNAs3.6,miRNAs3.7,pmiRNAs3.7,miRNAs3.8,pmiRNAs3.9,pmiRNAs3.10,pmiRNAs3.11,pmiRNAs3.12,pmiRNAs3.13,small-RNA3.13,pmiRNAs3.14,miRNAs3.14,pmiRNAs3.16,miRNAs3.18,pmiRNAs3.19,small-RNA3.19,pmiRNAs3.20,miRNAs3.22,pmiRNAs3.23,pmiRNAs3.24,pmiRNA3.25,pmiRNAs3.26,miRNA3.26,pmiRNAs3.27,pmiRNAs3.29,miRNAs3.30,pmiRNAs3.38,pmiRNAs3.39,miRNA3.40,pmiRNAs3.40,miRNAs3.40,pmiRNAs3.42,pmiRNAs3.43,pmiRNAs3.44,pmiRNAs3.45,pmiRNAs3.46,miRNAs3.46,pmiRNAs3.48,pmiRNAs3.49,pmiRNAs3.52,pmiRNAs3.54,pmiRNAs3.56,pmiRNAs3.59,pmiRNAs3.60,pmiRNAs3.61,pmiRNAs3.62,pmiRNAs3.63,pmiRNAs3.64,pmiRNAs3.65,miRNA3.67,pmiRNAs3.68,pmiRNA3.68,pmiRNA3.73,miRNA3.74,miRNAs3.77,pmiRNAs3.80,pmiRNAs3.81,pmiRNAs3.85,smallRNA3.85,pmiRNAs3.86,miRNAs3.87,pmiRNAs3.88,miRNAs3.89,pmiRNAs3.90,pmiRNAs3.91,smallRNA3.91,pmiRNAs3.93,pmiRNAs3.94,pmiRNAs3.95,pmiRNAs3.96,pmiRNAs3.97,
PMC10005591, unknown, True, True, False, False, Apiaceae1.1,Apiaceae2.1,plants3.3,Apiaceae3.11,carrot3.11,Daucuscarota3.11,Daucus3.11,celery3.11,celeriac3.11,Apium3.11,Apiumgraveolens3.11,Apiaceae3.15,plants3.18,plants3.21,Apiaceae3.22,Apiaceae3.23,plants3.27,rice3.32,wheat3.35,Arabidopsis3.36,Apiaceae3.38,tomato3.43,tobacco3.43,onion3.44,rice3.46,carrot3.50,beet3.53,maize3.54,sunflower3.55,radish3.55,rice3.55,Brassica3.55,Brassicasp.3.55,plants3.56,plants3.57,carrot3.60,Antirrhinum3.60,Citrus3.61,Citrusgrandis3.61,pummelo3.61,Apiaceae3.70,celery3.70,Chinesecelery3.73,celery3.73,celery3.75,carrots3.76,Apiaceae3.78,plants3.82,Apiaceae3.84,Stratiotes3.86,Stratiotesaloides3.86,Apiaceae3.88,Daucus3.88,Daucuscarota3.88,Carrot3.88,Apium3.88,Apiumgraveolens3.88,Coriandrum3.88,Coriandrumsativum3.88,Coriander3.88,Foeniculum3.88,Foeniculumvulgare3.88,Fennel3.88,Petroselinum3.88,Celery3.88,PetroselinumHortense3.88,Parsley3.88,Plants3.90,plants3.93,carrot3.95,cabbage3.95,celery3.96,Apiaceae3.97,cyclamen3.97,Alstroemeria3.98,silktree3.99,Brassica3.100,Brassicaoleracea3.100,carrot3.103,plants3.104,Apiaceae3.104,Daucus3.104,Daucuscarota3.104,Coriandrum3.106,Coriandrumsativum3.106,Coriander3.106,plants3.106,Apiaceae3.106,Daucus3.106,Daucuscarota3.106,Hordeum3.106,Hordeumvulgare3.106,Hordeum3.107,Hordeumvulgare3.107,Aegopodium3.110,Petroselinum3.110,Parsley3.110,Spinacia3.112,Spinaciaoleracea3.112,rice3.116,Oryzasativa3.116,Oryza3.116,Carrot3.117,D.capillifolius3.118,N.plumbaginifolia3.120,Nicotiana3.121,Nicotianatabacum3.121,Nicotiana3.126,Nicotianatabacum3.126,Oryza3.126,Oryzasativa3.126,Hordeum3.126,Barley3.126,Hordeumvulgare3.126,Daucus3.126,Daucuscarota3.126,Apium3.129,Apiumgraveolens3.129,Celery3.129,Americanginseng3.132,P.quinquefolius3.132,ginseng3.132,celeriac3.134,carrot3.134,coriander3.134,celery3.134,carrot3.137,carrot3.138,carrot3.139,carrot3.144,carrot3.148,Daucus3.149,Apiaceae3.150,Apiaceae3.151,Glycine3.151,Nicotiana3.152,Nicotianaglauca3.152,N.langsdorffii3.152,glycine3.152,plants3.154,plants3.159,plants3.160,carrot3.161,carrot3.162,legumes3.166,carrot3.166,carrot3.167,celery3.167,Brassicaceae3.171,B.oleracea3.171,B.campestris3.171,carrot3.177,Apiaceae3.178,tobacco3.178,citrus3.178,tobacco3.179,plants3.179,carrot3.180,celery3.181,carrot3.181,plants3.181,carrot3.182,celeriac3.182,coriander3.182,celery3.182,plants3.184,Brassicaceae3.185,Solanaceae3.186,Nicotiana3.186,tomato3.186,potato3.186,tomato3.187,Lycopersiconesculentum3.187,Lycopersicon3.187,Solanum3.187,Solanumacaule3.187,S.tuberosum3.187,plants3.188,S.lycopersicoides3.188,Citrus3.190,Satsumamandarin3.191,Clementine3.191,plants3.195,plants3.197,plants3.203,citrus3.204,carrot3.205,Carrot3.205,carrot3.209,plants3.211,plants3.212,plants3.214,carrot3.215,carrot3.216,plants3.217,plants3.218,plants3.219,Arabidopsis3.224,Arabidopsisthaliana3.224,Apiaceae3.225,Apium3.225,Apiumgraveolens3.225,Daucus3.226,Daucuscarota3.226,plants3.229,carrot3.229,carrot3.230,Apiaceae3.234,Apiaceae3.237,Apiaceae3.242, miRNA3.35,miRNAs3.61,miRNA3.62,
PMC10713971, unknown, True, True, False, True, carrot1.1,Daucuscarota1.1,Daucus1.1,Daucus2.1,Daucuscarota2.1,carrots2.2,carrot2.3,carrots2.6,carrots2.7,carrot2.7,carrots3.3,carrots3.4,carrot3.5,carrots3.6,Carrot3.7,plants3.8,plants3.9,carrot3.13,plants3.13,carrots3.15,carrot3.15,Carrot3.15,plants3.19,plants3.20,carrot3.22,carrot3.23,carrot3.24,carrot3.25,carrot3.26,carrot3.28,plants3.28,carrot3.29,carrot3.30,carrots3.30,glycine3.30,carrot3.31,carrots3.32,carrot3.33,plants3.33,plants3.34,Carrot3.34,glycine3.34,plants3.35,carrots3.36,plants3.37,glycine3.37,carrots3.41,carrot3.42,plants3.42,plants3.43,plants3.44,carrots3.46,plants3.47,plants3.48,plants3.52,carrots3.53,carrots3.54,carrot3.54,plants3.55,carrot3.57,plants3.57,carrots3.58,carrots3.59,carrot3.60,carrot3.61,plants3.61,carrot3.62,plants3.62,carrot3.63,carrot3.64,carrots3.65,carrots3.66,carrots3.67,carrots3.68,carrots3.69,carrot3.71,plants3.74,carrot3.75,plants3.75,plants3.77,carrots3.79,carrot3.80,plants3.80,carrot3.81,plants3.81,Carrot3.82,carrot3.83,plants3.83,carrot3.84,carrots3.85,carrot3.86,Glycine3.87,glycine3.87,plants3.87,carrot3.88,plants3.90,Carrot3.90,carrot3.93,carrots3.94,plants3.98,carrots3.99,Carrots3.99,plants3.101,plants3.102,higherplants3.103,plants3.103,plants3.104,carrot3.105,glycine3.105,carrot3.106,carrot3.107,carrot3.109,carrot3.110,plants3.111,Beta3.112,Beta3.113,carrots3.113,carrot3.114,plants3.115,plants3.116,carrot3.116,higherplants3.117,plants3.117,plants3.119,carrots3.121,carrots3.122,carrot3.122,carrot3.123,carrots3.123,plants3.123,Beta3.124,carrots3.124,carrots3.126,tobacco3.127,carrot3.127,plants3.127,carrots3.128,carrot3.129,plants3.129,carrot3.131,carrot3.133,plants3.133,plants3.136,carrot3.138,plants3.138,carrots3.139,carrot3.140,carrots3.142,carrots3.143,carrots3.144,carrot3.146,plants3.146,carrots3.147,plants3.149,plants3.151,sunflower3.151,peas3.151,potato3.151,Arabidopsis3.151,tea3.151,carrot3.153,carrots3.153,plants3.153,carrots3.154,carrot3.154,plants3.155,plants3.156,carrot3.157,carrot3.158,plants3.158,carrots3.160,carrot3.161,plants3.161,carrot3.162,carrot3.163,carrot3.165,carrot3.166,plants3.170,carrot3.171,plants3.173,plants3.174,carrots3.175,carrot3.176, microRNAs3.151,miRNAs3.151,miRNAs3.152,miRNAs3.153,miRNA3.153,
PMC10581907, unknown, True, True, False, False, carrot1.1,carrots1.1,carrot2.1,carrot2.2,carrot2.7,Daucus3.1,Daucuscarota3.1,Carrot3.2,carrot3.3,carrots3.6,Carrot3.6,carrot3.7,carrot3.8,carrots3.9,carrots3.10,carrots3.11,carrot3.11,carrot3.12,carrots3.12,carrot3.13,Wildcarrot3.13,carrot3.14,carrot3.15,carrots3.16,carrot3.17,carrot3.18,plants3.18,carrots3.19,carrot3.20,carrots3.21,carrot3.21,carrots3.25,carrot3.26,carrot3.28,carrot3.29,carrot3.30,carrot3.31,carrot3.37,carrot3.53,carrot3.55,carrot3.57,carrot3.58,carrots3.58,Carrot3.58,D.syrticus3.58,D.sahariensis3.58,carrots3.63,carrots3.64,carrots3.66,carrot3.67,carrots3.67,wildcarrot3.67,carrot3.68,carrots3.69,carrot3.70,carrot3.71,carrots3.72,carrot3.75,D.syrticus3.84,carrot3.85,carrots3.95,carrot3.95,carrots3.96,carrot3.99,D.carota3.99,carrot3.102,carrot3.105,carrot3.106,carrot3.108,carrot3.112,carrots3.113,Carrot3.113,carrot3.117,carrot3.118,Carrot3.118,carrot3.122,carrots3.122,carrot3.126,carrot3.128,carrot3.132,carrot3.136,carrot3.140,carrot3.141,carrot3.148,carrot3.172,plants3.177,Arabidopsis3.183,carrot3.183,carrot3.184,carrots3.185,carrot3.185,Arabidopsis3.186,Mimulus3.187,carrot3.202,carrot3.206,carrot3.209,carrots3.209,carrot3.210,carrot3.211,carrots3.213,carrots3.214,carrot3.216,wildcarrot3.216,carrots3.216,carrots3.217,carrots3.218,carrots3.219,carrot3.220,carrots3.221,carrot3.221,carrots3.222,carrot3.223,carrots3.225,carrot3.225,carrot3.227,carrot3.228,carrots3.229,carrots3.230,carrot3.230,carrots3.231,carrots3.233,carrot3.233,carrot3.234,carrot3.237,carrot3.238,carrot3.240,carrot3.241,carrot3.242,carrot3.244,carrot3.245,carrot3.247,carrots3.253,Carrots3.255,carrots3.256,carrot3.258,carrot3.261,carrot3.262,carrot3.264,carrot3.268,carrot3.269,carrot3.270,carrot3.275,Carrot3.275,carrot3.277,carrots3.292,carrots3.293,Walnut3.293,California3.296,carrot3.299,carrot3.307,carrot3.309,carrot3.310,D.syrticus3.324,D.sahariensis3.333,D.syrticus3.333,carrot3.334,D.carota3.334,Lactuca3.345,carrot3.348,plants3.368, microRNAs3.292,
PMC10568141, unknown, False, True, False, False, Capsicum3.6,Capsicumannuum3.6,banana3.6,potatoes3.23,carrots3.23,carrot3.26,beet3.26,onion3.26,pepper3.26,tomato3.26,Brassica3.27,Brassicaoleracea3.27,cabbage3.27,kohlrabi3.27,Brusselssprouts3.27,broccoli3.27,cauliflower3.27,collards3.27,plants3.40,Daucus3.40,Apiaceae3.40,carrot3.41,Daucuscarota3.41,Wildcarrot3.41,Daucus3.41,wildcarrot3.43,carrot3.43,carrot3.44,Carrot3.45,carrots3.46,carrots3.47,carrot3.49,beet3.49,wildcarrot3.50,carrot3.50,Daucuscarota3.50,Daucus3.50,beet3.51,Betavulgaris3.51,Beta3.51,tablebeet3.52,beet3.52,Beta3.53,Betavulgaris3.53,beet3.54,potato3.55,Sweetpotato3.55,sweetpotato3.59,potato3.59,sweetpotato3.61,potato3.61,sweetpotato3.64,potato3.64,Beta3.66,Amaranthaceae3.66,Betavulgaris3.66,beet3.66,sugarbeet3.66,Swisschard3.66,tablebeet3.66,Beta3.67,Betavulgaris3.67,beet3.70,beet3.71,carrot3.71,onion3.74,Onion3.75,onion3.76,Onion3.78,tomato3.80,carrot3.80,onion3.80,tomato3.81,S.lycopersicum3.81,Solanum3.81,Solanumpimpinellifolium3.81,Onion3.81,tomato3.83,pear3.84,tomato3.85,pear3.87,pear3.88,tomato3.88,tomato3.89,tomato3.90,plum3.91,pear3.91,plum3.93,tomato3.95,peppers3.96,Tomato3.96,pepper3.97,Capsicum3.100,Capsicumannuum3.100,pepper3.101,peppers3.101,banana3.101,Habanero3.102,peppers3.103,Capsicum3.104,pepper3.104,Capsicumfrutescens3.104,Cucumis3.104,Cucumismelo3.104,Wildmelon3.106,cucumber3.110,cantaloupe3.111,Citrullus3.119,Watermelon3.119,C.lanatus3.120,watermelon3.120,C.mucosospermus3.120,C.amarus3.120,C.colocynthis3.120,C.rehmii3.120,C.ecirrhosus3.120,C.naudinianus3.120,Paris3.121,tomato3.126,umbilicus3.128,tomato3.129,pear3.130,carrot3.131,Carrot3.131,tomato3.133,Carrot3.134,carrot3.137,carrot3.145,beet3.145,carrot3.146,plants3.147,carrot3.149,carrot3.150,carrot3.156,carrot3.164,carrot3.167,carrot3.171,laser3.173,maize3.175,tomato3.182,Tomato3.182,strawberry3.182,radish3.182,soybean3.182,buckwheat3.182,tomato3.185,Solanumlycopersicum3.185,Solanum3.185,Solanumpimpinellifolium3.185,carrot3.188,potato3.188,tomato3.188,onion3.188,Solanum3.190,pear3.190,Cucumis3.190,Cucumismelo3.190,Solanumtuberosum3.190,tomato3.190,radish3.190,Capsicum3.190,Capsicumannuum3.190,Oryza3.190,Oryzasativa3.190,Citrullus3.190,Cucumissativus3.190,lycopersicon3.190,Solanum3.191,Solanumtuberosum3.191,Daucus3.191,Daucuscarota3.191,Brassica3.191,Brassicarapa3.191,Raphanus3.191,Raphanussativus3.191,lycopersicon3.191,Allium3.192,Alliumcepa3.192,tomato3.193,pear3.194,codon3.194,plants3.196,tomato3.196,pepper3.196,potato3.196,pepper3.197,tomato3.198,codon3.198,tomato3.199,pear3.199,S.lycopersicum3.200,tomato3.200,tomato3.201,S.pimpinellifolium3.201,rice3.206,cucumber3.206,watermelon3.206,tomato3.209,tomato3.211,Nicotiana3.218,Nicotianabenthamiana3.218,tomato3.220,tomato3.222,tomato3.224,Nicotiana3.224,Nicotianabenthamiana3.224,tomato3.225,pepper3.229,rice3.229,cucumber3.229,potato3.229,sweetpotato3.230,potato3.230,I.trifida3.230,I.tabascana3.230,sweetpotato3.231,potato3.231,sweetpotato3.233,potato3.233,potato3.235,Potato3.236,maize3.245,potato3.246,potato3.247,potato3.248,Potato3.248,potato3.250,tomato3.250,Solanum3.252,Solanumchacoense3.252,potato3.256,potato3.258,tomato3.260,potato3.261,carrot3.261,parsnip3.261,turnip3.261,beet3.274,carrot3.274,parsnip3.274,turnip3.274,vascularplants3.275,plants3.275,beet3.276,carrot3.276,parsnip3.276,turnip3.276,plants3.277,beet3.279,carrot3.279,parsnip3.279,turnip3.279,Beta3.282,Beta3.287,Betavulgaris3.287,tablebeet3.288,beet3.288,Betavulgaris3.288,Beta3.288,carrot3.291,parsnip3.291,beet3.295,turnip3.298,carrot3.301,carrot3.305,carrot3.307,carrot3.310,Arabidopsis3.317,Arabidopsisthaliana3.317,radish3.318,Arabidopsis3.318,radish3.320,Turnip3.321,turnip3.322,turnip3.323,turnip3.325,turnip3.330,Chinesecabbage3.330,cabbage3.330,Arabidopsis3.332,Arabidopsisthaliana3.332,radish3.333,radish3.334,radish3.335,radish3.336,radish3.337,pear3.338,Radish3.338,onion3.340,onion3.348,onion3.352,onion3.360,onion3.361,onion3.367,onion3.368,carrot3.368,tablebeet3.368,beet3.368,sugarbeet3.372,beet3.372,sugarbeet3.373,beet3.373,sugarbeet3.374,beet3.374,sugarbeet3.375,beet3.375,sweetpotato3.377,potato3.377,tomato3.378,plants3.380,sweetpotato3.383,potato3.383,Ipomoea3.385,Ipomoeabatatas3.385,sweetpotato3.385,potato3.385,sweetpotato3.386,potato3.386,carrot3.392,carrot3.394,carrot3.395,carrot3.396,carrot3.397,carrot3.398,carrot3.399,tablebeet3.399,beet3.399,tomato3.401,tomato3.402,cucumber3.402,Rosa3.404,watermelon3.407,cucumber3.407,Manzano3.407,strawberry3.409,tomato3.410,plants3.417,tomato3.419,tomato3.420,cucumber3.420,rice3.420,potato3.420,Tomato3.424,tomato3.425,tomato3.428,rice3.432,maize3.432,Arabidopsis3.432,potato3.432,cucumber3.432,pepper3.432,watermelon3.432,pummelo3.432,peach3.432,tomato3.433,cucumber3.433,tomato3.434,cucumber3.435,potato3.436,peach3.437,tomato3.437,bottlegourd3.438,gourd3.438,radish3.439,Arabidopsis3.439,pear3.440,tomato3.440,watermelon3.441,tomato3.441,cotton3.442,tomato3.443,apple3.444,pear3.444,Daucus3.449,Beta3.449,sweetpotato3.451,potato3.451,carrot3.451,carrot3.453,wildrice3.456,rice3.456,tomato3.458,Solanum3.459,Lycopersicon3.459,Lycopersiconesculentum3.459,sugarbeet3.465,beet3.465,carrot3.469,
PMC9764545, unknown, True, True, False, False, Apioideae1.1,Apiaceae2.3,Apiaceae2.5,Apioideae2.5,carrot2.6,Daucuscarota2.6,Daucus2.6,Apiaceae2.8,Apiaceae2.12,Asteraceae2.13,angiosperms3.2,angiosperms3.4,Asteraceae3.7,sunflowers3.7,campanulids3.7,floweringplants3.7,plants3.7,Apiaceae3.8,Apioideae3.8,asterids3.9,carrot3.10,Daucuscarota3.10,Daucus3.10,parsley3.10,Petroselinumcrispum3.10,Petroselinum3.10,celery3.10,Apium3.10,Apiumgraveolens3.10,cumin3.10,Cuminumcyminum3.10,Cuminum3.10,coriander3.10,Coriandrumsativum3.10,Coriandrum3.10,Apioideae3.12,Orlaya3.17,Artedia3.18,Coriandrum3.19,Apiaceae3.20,Apioideae3.22,Apiaceae3.23,Apioideae3.23,Coriandrum3.25,Coriandrumsativum3.25,Echinophora3.26,Echinophoratrichophylla3.26,Coriandrum3.26,Tordylium3.27,Tordyliumapulum3.27,Orlaya3.27,Tordylium3.28,Tordyliumapulum3.28,Artedia3.28,Artedia3.29,Artediasquamata3.29,Scandix3.30,Scandixpecten-veneris3.30,angiosperms3.32,Apiaceae3.39,Asteraceae3.39,Caprifoliaceae3.39,Gerbera3.41,Helianthus3.41,Asteraceae3.45,plants3.46,Asteraceae3.46,Apiaceae3.47,wildcarrot3.50,carrot3.50,Daucuscarota3.50,Daucus3.50,Apiaceae3.51,Apiaceae3.54,Tordylium3.54,Coriandrum3.57,E.trichophylla3.57,Coriandrum3.71,Artedia3.90,A.squamata3.90,E.trichophylla3.90,Artedia3.97,Artedia3.111,Coriandrum3.115,coriander3.115,E.trichophylla3.121,Coriandrum3.124,Orlaya3.139,Coriandrum3.139,Orlaya3.140,Orlaya3.151,Scandix3.153,S.pecten-veneris3.153,Artedia3.172,Artedia3.174,T.brachytaenium3.174,E.trichophylla3.178,T.brachytaenium3.178,Artedia3.181,eudicots3.199,Aquilegia3.199,Aquilegiacoerulea3.199,coreeudicots3.199,Vitis3.201,Vitisvinifera3.201,Aquilegia3.205,Aquilegiacoerulea3.205,Antirrhinum3.206,Antirrhinummajus3.206,Arabidopsis3.206,Arabidopsisthaliana3.206,sunflower3.207,Apiaceae3.208,coriander3.208,carrot3.208,coriander3.209,sunflower3.212,carrot3.212,coriander3.212,snapdragon3.212,blackcottonwood3.213,cottonwood3.213,rosids3.213,Beta3.213,Betavulgaris3.213,Arabidopsis3.213,Arabidopsisthaliana3.213,Vitis3.214,Vitisvinifera3.214,cottonwood3.215,snapdragon3.215,carrot3.215,coriander3.215,Beta3.216,Betavulgaris3.216,Arabidopsis3.216,Arabidopsisthaliana3.216,sunflower3.217,carrot3.218,A.squamata3.218,E.trichophylla3.218,Coriandrum3.221,Daucus3.223,Daucuscarota3.223,Daucus3.235,Daucuscarota3.235,Asteraceae3.241,Apiaceae3.242,plants3.244,Apiaceae3.249,Asteraceae3.250,Gerbera3.252,sunflower3.253,Asteraceae3.254,Asteraceae3.255,Oedera3.256,Oederacapensis3.256,Dyssodia3.256,Apiaceae3.256,Apiaceae3.265,carrot3.267,Apioideae3.273,carrot3.278,Apioideae3.281,Artedia3.282,Artediasquamata3.282,Artedia3.283,Tordylium3.284,Echinophora3.285,Echinophoratrichophylla3.285,Coriandrum3.285,Arabidopsis3.289,Arabidopsisthaliana3.289,Asteraceae3.292,Apiaceae3.293,carrot3.294,plants3.300,Actinodium3.304,Actinodiumcunninghamii3.304,Nyssaceae3.305,Cornaceae3.305,Davidia3.306,Davidiainvolucrata3.306,Apioideae3.307,Alepidea3.308,Astrantia3.308,Saniculoideae3.308,Pozoa3.308,Pozoacoriacea3.308,Azorelloideae3.308,Xanthosia3.308,Mackinlayoideae3.308,Apiales3.309,Apiaceae3.309,Araliaceae3.309,Myodocarpaceae3.309,Apiaceae3.310,Apiaceae3.311,Umbelliferae3.311,angiosperms3.314,carrot3.316,Daucuscarota3.316,Daucus3.316,Apiaceae3.317,coriander3.318,plants3.319,Apiaceae3.323,Artedia3.325,Artediasquamata3.325,carrot3.334,carrot3.335,D.carota3.335,coriander3.335,Coriandrumsativum3.335,Coriandrum3.335,sunflower3.335,Helianthus3.335,Helianthusannuus3.335,blackcottonwood3.335,Populustrichocarpa3.335,cottonwood3.335,Populus3.335,bluecolumbine3.335,Aquilegia3.335,Aquilegiacoerulea3.335,beet3.335,Betavulgaris3.335,Beta3.335,Vitis3.335,Vitisvinifera3.335,thalecress3.335,Arabidopsisthaliana3.335,Arabidopsis3.335,snapdragon3.335,Antirrhinum3.335,Antirrhinummajus3.335,D.carota3.340,angiosperms3.340,D.carota3.342,Daucus3.350,Daucuscarota3.350,Aquilegia3.366,Aquilegiacoerulea3.366,
PMC6544626, unknown, True, True, False, True, carrot1.1,Apiaceae1.1,Daucus2.1,Daucuscarota2.1,Carrots2.1,Apiaceae2.1,Carrot2.3,carrots2.4,carrots2.5,carrot2.6,carrot2.7,carrot2.8,carrots2.9,carrots2.10,Daucus3.1,Daucuscarota3.1,Apiaceae3.1,carrots3.2,carrot3.2,carrots3.3,carrots3.4,carrots3.6,carrots3.7,carrots3.8,carrot3.9,carrots3.10,carrots3.11,Apiaceae3.13,carrots3.13,carrots3.14,carrot3.15,carrot3.16,Apiaceae3.16,Carrot3.17,carrot3.18,carrot3.19,carrots3.20,carrot3.21,carrot3.22,carrots3.26,carrots3.27,carrot3.28,carrot3.29,carrot3.30,carrot3.33,Carrot3.33,Carrot3.34,plants3.36,Carrots3.36,Carrots3.39,carrots3.41,carrots3.42,carrots3.43,carrot3.44,carrots3.46,carrots3.47,carrots3.49,carrot3.52,carrots3.53,carrots3.54,carrot3.55,carrots3.55,carrot3.56,carrots3.57,carrot3.58,carrots3.58,carrots3.59,carrots3.61,carrots3.62,carrots3.63,Carrot3.64,carrots3.66,plants3.67,carrot3.69,wildcarrot3.73,carrot3.73,carrot3.75,carrot3.76,carrot3.77,plants3.80,carrot3.81,carrot3.82,carrots3.82,plants3.82,carrot3.83,carrots3.89,Daucus3.91,D.carota3.91,carrot3.92,carrots3.93,carrot3.95,carrots3.96,carrots3.97,carrot3.100,carrot3.101,carrot3.104,carrots3.106,carrots3.107,carrot3.110,carrot3.111,carrots3.112,carrot3.116,carrots3.116,carrots3.118,carrots3.120,carrots3.121,carrot3.125,carrots3.126,carrots3.127,carrots3.128,carrots3.129,carrots3.130,carrot3.132,Carrots3.134,carrot3.135,aster3.135,aster3.136,carrots3.137,aster3.137,carrot3.141,carrot3.142,carrot3.146,Carrot3.146,carrot3.147,Carrot3.147,carrot3.148,Carrots3.148,carrot3.149,carrot3.150,carrot3.152,carrots3.153,carrot3.153,carrots3.154,carrot3.154,carrots3.155,carrot3.156,carrot3.157,carrot3.158,carrot3.159,carrot3.160,carrot3.161,carrots3.161,carrot3.163,carrot3.167,carrots3.167,M.javanica3.170,M.javanica3.172,carrots3.174,Apiaceae3.176,carrot3.176,carrot3.177,carrots3.178,carrot3.179,carrot3.180,carrots3.182,carrots3.183,carrots3.184,carrot3.185,carrot3.186,carrots3.186,carrot3.190,carrots3.191,carrot3.192,angiosperms3.193,Daucus3.194,Panax3.194,Daucus3.195,carrot3.197,carrot3.198,carrot3.199,carrot3.203,carrots3.203,D.carota3.204,carrot3.204,carrots3.205,carrots3.207,carrot3.209,carrot3.210,carrot3.214,carrot3.215,carrot3.216,carrots3.218,carrots3.220,carrot3.224,carrots3.230,carrots3.231,plants3.232,plants3.234,plants3.235,plants3.236,carrots3.236,Carrots3.237,carrot3.241,carrot3.242,carrot3.243,carrot3.244,carrots3.248,carrots3.249,carrots3.250,carrot3.250,carrot3.251,carrot3.252,carrot3.253,carrots3.254,carrots3.255,carrot3.256,carrot3.257,carrot3.258,carrot3.259,carrot3.260,plants3.262,carrots3.265,carrot3.271,carrots3.272,plants3.274,carrots3.276,carrots3.277,carrot3.279,carrot3.280,carrot3.281,Arabidopsis3.288,carrots3.289,carrot3.290,carrot3.291,plants3.294,carrots3.295,carrot3.296,carrot3.298,carrot3.299,Arabidopsis3.302,plants3.306,carrots3.307,carrot3.307,carrot3.308,carrots3.310,carrots3.311,carrot3.313,Arabidopsis3.317,carrot3.318,carrot3.320,carrots3.322,pepper3.328,carrot3.328,Tomato3.328,Carrot3.329,carrots3.330,carrot3.332,plants3.334,carrot3.339,carrot3.340,carrot3.341,carrots3.343,carrot3.343,cabbage3.346,eggplant3.346,corn3.346,potato3.346,peach3.346,plum3.346,pomegranate3.346,plants3.347,carrot3.350,carrots3.352,carrots3.353,carrot3.353,carrot3.354,carrots3.355,carrot3.357,barley3.363,legumes3.363,oats3.363,avocado3.363,rye3.363,citrus3.363,carrot3.369,carrot3.370,Carrot3.370,carrot3.371,asparagus3.371,onion3.371,carrot3.372,carrot3.373,carrot3.374,carrot3.375,carrot3.376,carrot3.377,carrot3.378,carrot3.380,carrot3.381,carrot3.383,carrot3.385,carrot3.386,carrots3.387,carrots3.392,carrots3.393,carrots3.394,rice3.397,Arabidopsis3.397,Arabidopsisthaliana3.397,soybean3.397,maize3.397,liverwort3.397,carrot3.399,carrots3.400,carrot3.400,carrot3.401,carrot3.402,carrot3.403,carrots3.405,carrot3.406,carrot3.407,Carrots3.410,carrots3.411,carrots3.412,carrots3.413,carrots3.414,carrot3.415,carrots3.418,carrot3.419,carrot3.424, microRNA3.220,miRNAs3.220,smallRNA3.220,miRNAs3.221,miRNAs3.222,miRNA3.223,microRNA3.224,microRNAs3.225,microRNAs3.226,microRNAs3.227,microRNA3.229,microRNA3.230,microRNA3.231,
PMC8465131, unknown, True, True, False, False, Apiaceae1.1,Apiaceae2.1,floweringplants2.1,plants2.1,Foeniculum2.4,Foeniculumvulgare2.4,Daucus2.4,Daucuscarota2.4,Apium2.4,Apiumgraveolens2.4,Pastinaca2.4,Pastinacasativa2.4,Apiaceae2.7,plants2.9,Apiaceae2.9,Apiaceae3.1,Umbelliferae3.1,Apiaceae3.2,Apiales3.2,Apiaceae3.3,Apioideae3.4,Azorelloideae3.5,Mackinlayoideae3.5,Saniculoideae3.5,Eryngium3.6,Bupleurum3.6,Ferula3.6,Seseli3.6,Apioideae3.6,Daucus3.6,Daucuscarota3.6,Apium3.6,Apiumgraveolens3.6,Cuminum3.6,Cuminumcyminum3.6,Smyrnium3.8,Smyrniumolusatrum3.8,Alexanders3.8,celery3.8,parsley3.8,Apiaceae3.9,Apiaceae3.10,Pimpinella3.10,Pimpinellaanisum3.10,Angelica3.10,Angelicaarchangelica3.10,archangelica3.10,Apiaceae3.12,Carum3.12,Carumcarvi3.12,Foeniculum3.12,Foeniculumvulgare3.12,Coriandrum3.12,Coriandrumsativum3.12,Pimpinella3.12,Pimpinellaanisum3.12,plants3.13,Heracleum3.13,Angelica3.13,Astrantia3.13,Coriandrum3.13,Coriandrumsativum3.13,Anethum3.13,Anethumgraveolens3.13,Ferula3.13,Dorema3.13,Doremaammoniacum3.13,Apiaceae3.14,Conium3.14,poisonhemlock3.15,hemlock3.15,Cicuta3.15,waterhemlock3.16,hemlock3.16,Aethusa3.16,Aethusacynapium3.16,poisonparsley3.16,parsley3.16,Cicuta3.17,Cicutavirosa3.17,Conium3.17,Coniummaculatum3.17,Apiaceae3.18,fennel3.19,Brassicaceae3.20,carrots3.20,Apiaceae3.25,carrot3.25,fennel3.25,celery3.25,anise3.25,coriander3.25,Apiaceae3.29,Apiaceae3.30,Apiaceae3.32,Aciphylla3.33,Anisotome3.33,plants3.33,Gingidia3.33,Scandia3.33,Lignocarpa3.33,Scandix3.34,S.pecten-veneris3.34,Apiaceae3.35,plants3.36,Daucus3.36,Daucuscarota3.36,Coriandrum3.36,Coriandrumsativum3.36,Pastinaca3.36,Pastinacasativa3.36,plants3.38,Apiaceae3.39,carrot3.40,cumin3.40,fennel3.40,coriander3.40,Eryngium3.40,Eryngiumalpinum3.40,Apiaceae3.41,Eryngium3.43,Eryngiumalpinum3.43,Zizia3.43,Apiaceae3.44,Daucus3.45,Daucuscarota3.45,Foeniculum3.45,Foeniculumvulgare3.45,Apium3.45,Apiumgraveolens3.45,Pastinaca3.45,Pastinacasativa3.45,Apium3.46,Apiumgraveolens3.46,A.graveolens3.46,celery3.46,celeriac3.46,carrot3.49,carrot3.50,plants3.52,Foeniculum3.53,Foeniculumvulgare3.53,Pastinaca3.53,Pastinacasativa3.53,Daucus3.59,Daucuscarota3.59,Bupleurum3.59,Bupleurumfalcatum3.59,C.carvi3.63,Carumcarvi3.63,plants3.63,Foeniculum3.63,Foeniculumvulgare3.63,Anethum3.63,Anethumgraveolens3.63,Pimpinella3.63,Pimpinellaanisum3.63,Carum3.63,Apiaceae3.65,fennel3.66,maize3.67,pepper3.67,carrots3.70,Apium3.73,Apiumgraveolens3.73,Daucus3.73,Daucuscarota3.73,Apiaceae3.73,carrot3.74,celery3.74,P.crispum3.74,C.carvi3.74,C.cyminum3.74,C.sativum3.74,Apium3.77,Petroselinum3.77,Daucus3.77,C.sativum3.80,celeriac3.81,carrot3.81,coriander3.81,celery3.81,carrot3.84,celery3.84,Apiaceae3.84,C.carvi3.87,C.sativum3.88,P.crispum3.88,D.carota3.94,Apiaceae3.94,Apiaceae3.98,D.carota3.98,Erigenia3.98,Erigeniabulbosa3.98,Scandiceae3.98,Carum3.99,Carumcarvi3.99,D.carota3.99,Foeniculum3.99,Foeniculumvulgare3.99,Apiaceae3.100,carrot3.102,Daucus3.103,F.vulgare3.103,Apium3.103,Apiumgraveolens3.103,Trachyspermum3.103,Trachyspermumammi3.103,Coriandrum3.103,Coriandrumsativum3.103,Pimpinella3.103,Pimpinellaanisum3.103,Cuminum3.103,Cuminumcyminum3.103,Anethum3.103,Anethumgraveolens3.103,Arracacia3.106,Arracaciaxanthorrhiza3.106,Bupleurum3.106,Bupleurumchinense3.106,Heracleum3.106,Centella3.107,Centellaasiatica3.107,Coriandrum3.108,Coriandrumsativum3.108,Notopterygiumincisum3.108,Foeniculum3.108,Foeniculumvulgare3.108,Oenanthe3.108,Oenanthejavanica3.108,Apium3.108,Apiumgraveolens3.108,Angelica3.108,Angelicabiserrata3.108,Angelicadahurica3.108,Notopterygiumoviforme3.108,Anethum3.108,Cuminum3.108,Cuminumcyminum3.108,Scaligeria3.108,Scaligerialazica3.108,Apiaceae3.109,Carum3.111,Carumcarvi3.111,Pastinaca3.111,Pastinacasativa3.111,Pimpinella3.112,Pimpinellaanisum3.112,Apiaceae3.115,Apioideae3.115,Centella3.115,Centellaasiatica3.115,Mackinlayoideae3.115,Apium3.115,Apiumgraveolens3.115,Daucus3.115,Daucuscarota3.115,Coriandrum3.115,Coriandrumsativum3.115,Angelica3.115,Angelicagigas3.115,Oenanthe3.115,Oenanthejavanica3.115,Bupleurum3.115,Bupleurumfalcatum3.115,Foeniculum3.115,Foeniculumvulgare3.115,Coriander3.118,Celery3.118,Apium3.120,Apiumgraveolens3.120,Daucus3.120,Daucuscarota3.120,Centella3.120,Centellaasiatica3.120,Oenanthe3.120,Oenanthejavanica3.120,Foeniculum3.120,Foeniculumvulgare3.120,carrot3.121,celery3.121,F.vulgare3.123,O.javanica3.123,Apiaceae3.125,Apiaceae3.134,carrots3.135,Ferula3.139,Ferulagummosa3.139,galbanum3.139,asafoetida3.139,Foeniculum3.142,Foeniculumvulgare3.142,Trachyspermum3.144,Trachyspermumammi3.144,Pastinaca3.147,Pastinacasativa3.147,Angelica3.147,Angelicadahurica3.147,Apium3.147,Apiumgraveolens3.147,P.sativa3.148,A.dahurica3.148,A.graveolens3.148,Bupleurum3.149,Bupleurumchinense3.149,Centella3.149,Centellaasiatica3.149,B.chinense3.150,C.asiatica3.150,Coriandrum3.151,Coriandrumsativum3.151,coriander3.153,C.sativum3.154,Bupleurum3.155,Bupleurumchinense3.155,B.scorzonerifolium3.155,celery3.158,celery3.159,celery3.161,coriander3.161,carrot3.161,Petroselinum3.163,Petroselinumcrispum3.163,Oenanthe3.163,Oenanthejavanica3.163,Apium3.163,Apiumgraveolens3.163,Notopterygiumincisum3.164,Apium3.165,Apiumgraveolens3.165,celery3.168,coriander3.168,Coriandrumsativum3.168,carrot3.168,Coriandrum3.168,celery3.169,Celery3.169,Apiaceae3.169,Daucus3.170,Daucuscarota3.170,Apium3.170,Apiumgraveolens3.170,celery3.171,celery3.172,Arabidopsis3.172,tobacco3.173,plants3.173,celery3.173,Daucus3.173,Daucuscarota3.173,carrot3.174,carrots3.175,carrot3.176,carrot3.177,carrot3.179,carrots3.180,Apiaceae3.183,Apiaceae3.185,Apiaceae3.187,Heracleum3.188,Heracleumcandicans3.188,Peucedanum3.188,Peucedanumjaponicum3.188,Panax3.189,Panaxnotoginseng3.189,Araliaceae3.189,Apiales3.189,Apiaceae3.189,Bupleureae3.192,Pleurospermeae3.192,Oenantheae3.192,Tordylieae3.192,Selineae3.192,Tordylieae3.194,Tordylieae3.195,Tordyliinae3.195,Pastinaca3.195,Heracleum3.195,Selineae3.195,Semenovia3.195,Tetrataenium3.195,Coriandreae3.195,Tordylieae3.196,Coriandrum3.197,Coriandrumsativum3.197,Tordylieae3.197,Coriandreae3.197,Ligusticum3.198,Ligusticum3.199,Sinodielsia3.199,Selineae3.199,Saposhnikovia3.200,Saposhnikoviadivaricata3.200,Ledebouriella3.200,Ledebouriellaseseloides3.200,Apiaceae3.205,D.carota3.205,A.graveolens3.205,Carum3.209,Carumcarvi3.209,Pastinaca3.209,Pastinacasativa3.209,Pimpinella3.209,Pimpinellaanisum3.209,D.carota3.211,carrot3.216,celery3.216,fennel3.216,plants3.216, miRNA3.135,miRNA3.163,
PMC10795576, unknown, True, True, False, True, Apiaceae1.1,plants1.1,carrot2.1,celery2.1,coriander2.1,fennel2.1,cumin2.1,Apiaceae2.1,Apiaceae2.2,Apiaceae2.3,Apiaceae2.4,Apiaceae2.5,plants2.5,carrot3.1,Daucuscarota3.1,Daucus3.1,coriander3.1,Coriandrumsativum3.1,Coriandrum3.1,celery3.1,Apium3.1,Apiumgraveolens3.1,Apiaceae3.2,plants3.2,Angelica3.2,Angelicasinensis3.2,Peucedanum3.2,Angelicadahurica3.2,Apiaceae3.3,plants3.3,Apiaceae3.4,Apiaceae3.5,celery3.5,carrot3.5,parsley3.5,Petroselinumcrispum3.5,Petroselinum3.5,fennel3.5,Foeniculumvulgare3.5,Foeniculum3.5,Apiaceae3.6,plants3.6,dill3.6,Anethumgraveolens3.6,Anethum3.6,coriander3.6,Coriandrumsativum3.6,Coriandrum3.6,caraway3.6,Carumcarvi3.6,Carum3.6,cumin3.6,Cuminumcyminum3.6,Cuminum3.6,Dorema3.7,Doremaammoniacum3.7,goutweed3.7,Aegopodiumpodagraria3.7,Aegopodium3.7,Peucedanum3.7,Seseli3.7,Apiaceae3.8,floweringplants3.8,plants3.8,masterwort3.8,Astrantia3.8,Trachymene3.8,seaholly3.8,Eryngium3.8,Eryngiummaritimum3.8,Apiaceae3.9,plants3.9,poisonhemlock3.9,Coniummaculatum3.9,hemlock3.9,Conium3.9,waterhemlock3.9,Cicutamaculata3.9,Cicuta3.9,parsley3.9,Aethusa3.9,Aethusacynapium3.9,Apiaceae3.10,Daucus3.11,Daucuscarota3.11,dill3.11,Caraway3.11,Apiaceae3.12,plants3.12,Apiaceae3.13,plants3.13,Apiaceae3.14,Apiaceae3.15,plants3.15,Apiaceae3.16,plants3.16,Azorella3.16,Centella3.16,Apioideae3.16,Eryngium3.16,Apioideae3.17,celery3.17,carrot3.17,parsley3.17,waterdropwort3.17,dropwort3.17,coriander3.17,Apiaceae3.18,celery3.19,Carrot3.19,carrots3.20,Parsley3.21,dropwort3.22,coriander3.22,Waterdropwort3.22,Apiaceae3.23,plants3.23,Angelica3.24,Apiaceae3.25,plants3.26,Apiaceae3.26,Apiaceae3.27,plants3.27,plants3.30,Apiaceae3.31,plants3.31,fennel3.32,parsley3.32,celery3.32,Apiaceae3.33,plants3.33,celery3.34,Celery3.34,Anthriscus3.35,Anthriscussylvestris3.35,Angelica3.37,Angelicasinensis3.37,Ferula3.37,Ferulateterrima3.37,plants3.38,Apiaceae3.38,carrot3.40,celery3.40,parsley3.40,parsnip3.40,Apiaceae3.41,plants3.41,parsnip3.41,celeriac3.41,parsley3.41,carrot3.41,fennel3.41,Oenanthe3.42,O.crocata3.42,Cicuta3.42,C.virosa3.42,C.maculata3.42,C.douglasii3.42,plants3.42,Apiaceae3.43,plants3.43,carrot3.43,anise3.43,fennel3.43,caraway3.43,dill3.43,Centella3.47,Centellaasiatica3.47,Apiaceae3.48,plants3.48,Apiaceae3.49,angiosperms3.50,Apiaceae3.51,plants3.51,Apiaceae3.52,plants3.52,Apium3.53,Apiumgraveolens3.53,Carum3.53,Foeniculum3.53,Foeniculumvulgare3.53,plants3.54,Apiaceae3.54,Carum3.55,Carumcarvi3.55,Petroselinum3.55,Petroselinumcrispum3.55,Cuminum3.55,Cuminumcyminum3.55,Daucus3.55,Daucuscarota3.55,nutmeg3.56,cinnamon3.56,Parsnip3.56,plants3.57,Apiaceae3.57,dill3.57,coriander3.57,fennel3.57,dill3.58,Cumin3.59,Apiaceae3.60,plants3.60,Carrot3.60,dill3.61,coriander3.61,parsley3.61,celery3.61,celery3.62,Apiaceae3.63,Angelica3.64,lovage3.64,carrot3.65,parsnip3.65,Apiaceae3.65,carrot3.66,Apiaceae3.67,plants3.69,Apiaceae3.69,Apiaceae3.70,carrot3.70,celery3.70,coriander3.70,carrot3.73,celery3.73,celery3.74,celery3.75,wildcelery3.75,Apiaceae3.76,plants3.76,carrot3.76,parsnip3.76,celery3.76,dill3.76,fennel3.76,Apiaceae3.77,f.sp.3.77,Apiaceae3.78,carrot3.78,parsley3.78,Apium3.79,celery3.80,celery3.81,celeriac3.81,carrot3.81,celery3.82,Apium3.82,Apiumchilense3.82,A.panul3.82,plants3.82,celeriac3.82,carrot3.82,celery3.83,celery3.84,plants3.84,celeriac3.85,carrot3.85,coriander3.85,carrot3.86,carrot3.87,coriander3.88,plants3.88,coriander3.89,plants3.89,S.minor3.89,Apiaceae3.89,carrot3.89,Daucus3.90,Daucuscarota3.90,celery3.91,parsley3.91,Aster3.92,celery3.92,Celery3.92,celery3.94,carrot3.94,plants3.94,Apiaceae3.94,parsnip3.94,carrot3.95,plants3.95,plants3.96,carrots3.97,carrot3.99,fennel3.101,carrot3.102,Apiaceae3.102,carrot-family3.102,celery3.102,parsnip3.102,parsley3.102,carrot3.103,plants3.103,plants3.104,parsnip3.104,carrot3.104,carrot3.105,carrots3.105,parsley3.105,celery3.105,carrots3.106,carrot3.106,willow3.108,Apiaceae3.108,Carrot3.108,carrot3.109,willow3.109,plants3.109,Carrot3.110,Parsnip3.110,carrot3.111,willow3.111,celery3.112,Celery3.112,celery3.113,parsnip3.113,plants3.113,plants3.114,celery3.114,Apiaceae3.115,plants3.115,fennel3.115,plants3.119,parsley3.121,celery3.121,celeriac3.121,celery3.122,beet3.122,plants3.123,beet3.123,Apiaceae3.124,carrot3.124,celery3.124,parsley3.124,Apium3.125,carrot3.126,celery3.127,celery3.128,celery3.129,Apiaceae3.132,carrot3.133,carrots3.133,celery3.134,turnip3.134,celery3.135,celery3.136,celery3.137,celery3.138,celery3.139,coriander3.141,coriander3.142,coriander3.143,plants3.144,Apiaceae3.144,Eryngium3.145,Eryngiumalpinum3.145,carrot3.146,carrots3.147,wildcarrot3.148,carrot3.148,Johrenia3.149,plants3.149,Apiaceae3.151,carrot3.151,celery3.151,carrot3.152,carrots3.152,carrot3.153,carrot3.154,plants3.154,carrot3.155,celery3.156,Arabidopsis3.157,celery3.157,celery3.158,Apiaceae3.159,Apiaceae3.160,plants3.160,carrot3.161,Apiaceae3.163,carrot3.163,carrot3.164,plants3.164,Apiaceae3.165,plants3.168,plants3.169,Apiaceae3.169,celery3.170,plants3.172,Apiaceae3.172,Coriandrum3.173,Coriandrumsativum3.173,Daucus3.173,Daucuscarota3.173,Daucus+carota3.173,Foeniculum3.173,Foeniculumvulgare3.173,Foeniculum+vulgare3.173,Oenanthe3.173,Oenanthejavanica3.173,Oenanthe+javanica3.173,Apium3.173,Apiumgraveolens3.173,plants3.174,Apiaceae3.175,carrots3.176,carrot3.176,Apiaceae3.176,coriander3.177,celery3.177,carrot3.177,carrot3.178,carrot3.179,celery3.180,celery3.181,celery3.182,coriander3.183,coriander3.184,celery3.184,carrot3.184,Apiaceae3.184,plants3.184,Oenanthe3.185,Oenanthejavanica3.185,Apiaceae3.185,O.javanica3.186,O.javanica3.187,Foeniculum3.188,Apiaceae3.188,Fennel3.188,fennel3.189,Apiaceae3.192,plants3.192,Apiaceae3.193,plants3.193,Apiaceae3.194,carrot3.195,celery3.195,celery3.196,celery3.197,celery3.198,Oenanthe3.199,Oenanthejavanica3.199,Cryptotaenia3.200,Cryptotaeniajaponica3.200,parsley3.201,Apiaceae3.202,plants3.202,Ferula3.203,Ferulaassa-foetida3.203,plants3.204,Apiaceae3.204,coriander3.207,celery3.208,Ferula3.209,Ferulagummosa3.209,celery3.210,celery3.211,carrot3.212,O.javanica3.213,Apiaceae3.215,plants3.215,celery3.216,fennel3.217,asafoetida3.218,carrot3.219,plants3.219,plants3.221,Apiaceae3.221,carrot3.222,carrots3.222,wildcarrot3.223,carrot3.223,celery3.223,Angelica3.224,Angelicasinensis3.224,A.sinensis3.227,carrot3.229,celery3.230,plants3.231,Apiaceae3.231,plants3.232,Apiaceae3.232,Apiaceae3.233,plants3.233,Apiaceae3.234,plants3.234,Daucus3.235,Daucuscarota3.235,carrot3.235,celery3.235,Apium3.235,Apiumgraveolens3.235,Coriandrum3.235,Coriandrumsativum3.235,plants3.237,carrots3.239,carrot3.240,plants3.240,carrots3.241,wildcarrot3.242,carrot3.242,carrot3.243,carrots3.244,carrot3.245,Arabidopsis3.246,plants3.246,carrot3.248,Apiaceae3.248,celery3.249,celery3.250,carrot3.251,celery3.252,Arabidopsis3.253,plants3.255,Apiaceae3.257,carrot3.257,celery3.257,carrot3.258,carrots3.258,carrot3.260,celery3.260,Apium3.260,Apiumgraveolens3.260,Oenanthe3.260,Oenanthejavanica3.260,celery3.261,celery3.262,celery3.263,Apiaceae3.264,plants3.264,plants3.266,carrot3.267,carrot3.268,carrot3.271,Coriandrum3.272,Coriandrumsativum3.272,C.sativum3.273,plants3.274,plants3.275,carrots3.275,broccoli3.275,barley3.275,pears3.275,wheat3.276,plants3.278,celery3.278,carrot3.278,celery3.279,carrot3.279,celery3.280,carrot3.280,Apiaceae3.281,plants3.281,plants3.282,plants3.283,Apiaceae3.285,plants3.285,Apiaceae3.286,plants3.286,Apiaceae3.287,Apiaceae3.288,plants3.288,Apiaceae3.290,Apiaceae3.292,carrot3.292,coriander3.292,celery3.292,plants3.292,Apiaceae3.293,plants3.296,plants3.301,Apiaceae3.301,Apiaceae3.302,plants3.302,plants3.303,Apiaceae3.303,plants3.305,Apiaceae3.305,floweringplants3.305,Apiaceae3.307,Apiaceae3.308,plants3.308,plants3.309,Apiaceae3.309,Apiaceae3.310,plants3.311,Apiaceae3.311, miRNAs3.205,smallRNAs3.205,miRNAs3.206,miRNAs3.207,miRNAs3.208,miRNAs3.209,miRNAs3.210,microRNAs3.211,miRNAs3.212,miRNA3.213,
PMC4792144, unknown, True, True, False, False, carrot1.1,Daucuscarota1.1,Daucus1.1,plants1.1,carrot2.3,carrot2.4,Arabidopsis2.4,plants2.5,higherplants2.6,plants2.6,carrot2.7,Arabidopsis2.7,Apiaceae3.1,Carrot3.1,carrot3.2,carrot3.3,carrot3.4,Apiaceae3.4,apiaceae3.4,carrot3.5,carrot3.6,D.carota3.9,carrot3.9,carrot3.16,Arabidopsis3.16,carrot3.34,carrot3.42,Chinesecabbage3.48,cabbage3.48,tobacco3.51,plants3.53,algae3.57,Chlamydomonas3.57,Chlamydomonasreinhardtii3.57,Volvox3.57,Volvoxcarteri3.57,landplants3.58,plants3.58,P.abies3.59,abies3.59,A.thaliana3.60,Citrus3.60,Citrussinensis3.60,Oryza3.60,Oryzasativa3.60,D.carota3.60,plants3.60,plants3.61,P.abies3.63,S.moellendorffii3.63,P.patens3.63,higherplants3.63,plants3.63,abies3.63,monocots3.64,eudicots3.64,higherplants3.65,plants3.65,C.reinhardtii3.66,P.patens3.66,S.moellendorffii3.66,P.abies3.66,Arabidopsis3.66,carrot3.66,apple3.66,rice3.66,abies3.66,P.abies3.69,apple3.69,P.patens3.69,carrot3.69,abies3.69,carrot3.73,dicotyledons3.73,P.abies3.74,plants3.74,carrot3.74,Arabidopsis3.74,abies3.74,carrot3.75,carrot3.85,Arabidopsis3.90,carrot3.94,Arabidopsis3.98,Arabidopsis3.104,carrot3.104,plants3.116,carrot3.116,Apiaceae3.116,carrot3.122,Arabidopsis3.122,carrot3.123,algae3.131,C.reinhardtii3.131,V.carteri3.131,P.patens3.131,S.moellendorffii3.131,higherplants3.132,plants3.132,plants3.133,plants3.134,monocots3.134,eudicots3.134,plants3.135,monocots3.136,carrot3.143,dicotyledons3.143,carrot3.144,plants3.144,Arabidopsis3.148,rice3.148,Carrot3.150,carrot3.153,carrot3.154,Arabidopsis3.156,Arabidopsis3.157,rice3.163,rice3.164,cotton3.165,carrot3.166,carrot3.167,Arabidopsis3.168,Arabidopsis3.169,Arabidopsis3.172,Arabidopsis3.173,Arabidopsis3.174,carrot3.175,plants3.176,carrot3.181,Daucuscarota3.181,Daucus3.181,Carrot3.182,apiaceae3.182,carrot3.184,Arabidopsis3.187,arabidopsis3.187,carrot3.189,Arabidopsis3.189,carrot3.190,Arabidopsis3.190,codon3.194,tobacco3.195,C.reinhardtii3.197,P.patens3.197,S.moellendorffii3.197,Picea3.197,Piceaabies3.197,Arabidopsis3.197,carrot3.197,apple3.197,rice3.197,abies3.197,Arabidopsis3.198,carrot3.198,carrot3.202,carrot3.204,carrot3.208,plants3.208,carrot3.216,Daucuscarota3.216,Daucus3.216,plants3.216, small-RNA3.152,
PMC10541555, unknown, True, True, False, False, carrot1.1,Daucuscarota1.1,Daucus1.1,Daucus2.1,Daucuscarota2.1,Carrot2.1,Apiaceae2.1,carrot2.2,carrots2.6,Apiaceae2.6,carrot2.9,carrot2.12,Apiaceae3.1,carrots3.2,Carrot3.3,carrots3.4,carrots3.5,carrot3.6,carrots3.6,carrot3.7,carrots3.8,carrots3.10,plants3.10,carrots3.11,carrot3.13,carrots3.14,plants3.17,carrot3.17,carrot3.18,Daucuscarota3.18,Daucus3.18,carrots3.20,carrot3.21,D.carota3.22,carrot3.22,carrot3.23,carrot3.25,carrot3.26,carrot3.27,carrot3.28,D.carota3.29,carrot3.30,carrot3.31,D.carota3.33,carrot3.33,carrot3.35,D.carota3.41,D.carota3.42,carrot3.44,D.carota3.45,carrot3.50,carrot3.51,Apium3.53,Apiumgraveolens3.53,Coriandrum3.53,Coriandrumsativum3.53,Angelica3.53,Angelicasinensis3.53,Oenanthe3.53,Oenanthesinensis3.53,carrot3.53,carrot3.54,carrot3.56,celery3.56,coriander3.56,angelica3.56,waterfennel3.56,fennel3.56,carrot3.57,angelica3.57,carrot3.59,D.carota3.60,D.carota3.61,D.carota3.63,carrot3.64,carrot3.65,carrot3.66,D.carota3.66,D.carota3.67,carrot3.67,carrot3.68,carrot3.73,Daucus3.74,Daucuscarota3.74,carrot3.77,Apium3.77,Apiumgraveolens3.77,Arabidopsis3.77,Arabidopsisthaliana3.77,Camellia3.77,Camelliasinensis3.77,Citrus3.77,Citrussinensis3.77,Coriandrum3.77,Coriandrumsativum3.77,Lactuca3.77,Lactucasativa3.77,Oenanthe3.77,Oenanthesinensis3.77,Olea3.77,Oleaeuropaea3.77,Oryza3.77,Oryzasativa3.77,Solanum3.77,Solanumlycopersicum3.77,Solanumtuberosum3.77,carrot3.79,carrot3.80,celery3.83,A.graveolens3.83,coriander3.83,C.sativum3.83,C.sinensis3.83,citrus3.83,celery3.85,coriander3.85,Carrots3.85,citrus3.86,carrot3.87,carrot3.88,Apiaceae3.97,plants3.97,lettuce3.97,Compositae3.97,celery3.97,carrot3.99,celery3.99,waterfennel3.100,fennel3.100,coriander3.100,Apiaceae3.100,carrot3.101,celery3.102,coriander3.102,Apiaceae3.102,plants3.102,Apiaceae3.103,carrot3.103,celery3.103,coriander3.103,carrot3.104,celery3.104,carrot3.105,citrus3.105,carrot3.109,carrot3.111,carrot3.112,carrot3.114,carrot3.116,carrots3.117,carrot3.117,D.carota3.119,carrot3.122,A.thaliana3.122,D.carota3.124,carrot3.139,A.thaliana3.140,carrot3.142,carrot3.149,carrot3.150,Arabidopsis3.150,carrot3.152,carrot3.153,carrot3.154,carrot3.155,carrot3.158,carrots3.159,carrot3.159,bittermelon3.161,Momordicacharantia3.161,Momordica3.161,Brassica3.162,Brassicarapa3.162,Chinesecabbage3.162,cabbage3.162,carrot3.164,carrot3.165,D.carota3.165,carrot3.166,carrot3.167,carrot3.168,carrot3.169,carrots3.171,D.carota3.172,carrots3.172,Apiaceae3.172,plants3.172,carrots3.173,lettuce3.173,Apiaceae3.174,plants3.174,lettuce3.174,celery3.175,Apiaceae3.175,carrots3.176,Apiaceae3.176,D.carota3.177,Apiaceae3.177,Apiaceae3.178,carrots3.179,carrot3.180,carrot3.182,carrots3.185,carrot3.188,carrots3.192,carrot3.193,carrot3.196,higherplants3.198,plants3.198,Arabidopsis3.199,carrot3.200,carrots3.201,carrot3.205,plants3.207,carrot3.208,plants3.209,Carrot3.209,plants3.210,celery3.251,coriander3.251,waterfennel3.251,fennel3.251,angelica3.251,carrot3.258,plants3.258,rice3.258,celery3.258,coriander3.258,waterfennel3.258,fennel3.258,tomato3.258,potato3.258,tea3.258,Arabidopsis3.258,lettuce3.258,olive3.258,carrot3.267,A.thaliana3.267,carrot3.268,carrot3.270,carrot3.275,carrot3.276,carrot3.278,Arabidopsis3.278,carrot3.279,carrot3.281, miRNAs3.65,miRNA3.257,
PMC3695323, unknown, True, True, False, True, carrot1.1,carrot2.1,plants2.7,Daucus2.7,Daucuscarota2.7,carrot2.9,plants3.2,Arabidopsis3.3,Arabidopsisthaliana3.3,maize3.3,maize3.11,monocots3.13,dicots3.13,potato3.20,potato3.21,carrot3.24,Carrot3.24,carrot3.25,carrot3.26,Daucuscarota3.26,Daucus3.26,plants3.27,carrot3.27,carrots3.27,carrots3.28,Daucuscarota3.28,Daucus3.28,D.carota3.29,D.carota3.30,Daucus3.31,D.capillifolius3.31,D.sahariensis3.31,carrot3.47,carrot3.53,carrot3.83,carrot3.91,Daucus3.93,Daucus3.95,carrot3.96,Daucus3.96,carrot3.106,carrots3.108,carrot3.109,carrot3.112,carrot3.116,plants3.124,carrot3.124,plants3.133,carrot3.133,Daucus3.136,Daucuscarota3.136,carrot3.137,carrots3.138,Apioideae3.139,carrot3.139,Petroselinum3.139,Petroselinumcrispum3.139,Bupleurum3.139,Bupleurumkaoi3.139,carrot3.140,Apioideae3.142,Daucus3.142,Daucuscarota3.142,D.carota3.142,Petroselinum3.142,Petroselinumcrispum3.142,parsley3.142,P.crispum3.142,Bupleurum3.142,Bupleurumkaoi3.142,carrot3.144,carrot3.148,wildcarrot3.149,carrot3.149,D.capillifolius3.149,D.sahariensis3.149,carrot3.151,plants3.151,wheat3.152,rice3.153,carrot3.153,plants3.153,rice3.154,Daucus3.154,Petroselinum3.154,P.crispum3.154,Daucus3.155,Petroselinum3.155,Medicago3.161,carrot3.163,carrot3.164,plants3.164,maize3.165,rice3.165,rice3.166,maize3.167,carrot3.168,carrot3.170,carrot3.174,carrot3.175,carrot3.177,rice3.179,Solanaceae3.180,Arabidopsis3.180,Arabidopsis3.182,rice3.183,carrot3.184,carrot3.185,Petroselinum3.186,Petroselinumcrispum3.186,Apiaceae3.186,Apioideae3.187,carrot3.189, miRNAs3.179,smallRNAs3.181,miRNAs3.182,miRNA3.183,
PMC7510087, unknown, True, True, True, True, pitaya1.1,Hylocereus2.3,Hylocereusmonacanthus2.3,pitaya2.5,tobacco2.7,pitaya2.8,pitaya2.9,rice3.5,Camellia3.6,Camelliasinensis3.6,sweetorange3.8,rose3.9,Arabidopsis3.11,litchi3.11,Arabidopsis3.14,apple3.15,cotton3.15,tomato3.15,pitahaya3.15,dragonfruit3.15,Hylocereus3.15,Cactaceae3.15,Caryophyllales3.15,Pitaya3.15,Cactaceae3.16,pitaya3.16,pitaya3.18,Pitaya3.19,Pitaya3.20,pitaya3.21,pitaya3.22,Caryophyllales3.23,Molluginaceae3.23,Caryophyllaceae3.23,pitaya3.24,Pitaya3.26,pitaya3.30,pitaya3.31,Hylocereus3.31,pitaya3.32,pitaya3.35,pitaya3.49,pitaya3.52,pitaya3.53,pitaya3.54,pitaya3.56,pitaya3.63,pitaya3.71,pitaya3.72,pitaya3.75,pitaya3.76,pitaya3.80,pitaya3.82,pitaya3.92,pitaya3.103,pitaya3.105,pitaya3.106,pitaya3.108,pitaya3.109,pitaya3.110,pitaya3.112,pitaya3.113,pitaya3.117,pitaya3.118,pitaya3.119,pitaya3.121,pitaya3.123,pitaya3.145,pitaya3.146,pitaya3.148,pitaya3.149,tobacco3.156,pitaya3.159,pitaya3.179,pitaya3.180,pitaya3.181,pitaya3.182,pitaya3.183,apple3.184,litchi3.184,strawberry3.184,Brassica3.184,Brassicajuncea3.184,pitaya3.185,H.monacanthus3.185,pitaya3.186,pitaya3.187,Arabidopsis3.190,apple3.190,litchi3.190,Pyrus3.190,Pyruspyrifolia3.190,carrot3.191,Daucuscarota3.191,Daucus3.191,Pitaya3.193,pitaya3.194,pitaya3.196,Arabidopsis3.197,apple3.197,potato3.197,pitaya3.198,pitaya3.199,pitaya3.200,pitaya3.201,Arabidopsis3.202,cotton3.202,apple3.202,tomato3.202,pitaya3.203,pitaya3.204,pitaya3.205,H.monacanthus3.206,durumwheat3.209,wheat3.209,Citrus3.210,strawberry3.211,tobacco3.215,tobacco3.216,pitaya3.217,pitaya3.219,H.monacanthus3.219,pitaya3.221,tobacco3.222,pitaya3.224,pitaya3.225,pitaya3.226,H.monacanthus3.226,H.undatus3.226,Nicotiana3.226,Nicotianabenthamiana3.226,H.monacanthus3.227,Nicotiana3.228,Nicotianabenthamiana3.228,pitaya3.231,N.benthamiana3.265,N.benthamiana3.266,laser3.267,pitaya3.270,pitaya3.277,pitaya3.279,pitaya3.280,pitaya3.281,pitaya3.290,pitaya3.292,pitaya3.302,pitaya3.304, miRNA1.1,miRNAs2.1,miRNA2.2,miRNAs2.3,miRNA2.3,miRNAs2.4,miRNAs2.5,miRNAs2.6,miRNAs2.7,miRNAs2.9,microRNAs3.1,miRNAs3.1,smallRNAs3.1,miRNAs3.2,miRNAs3.3,miRNAs3.4,miRNA3.5,miRNA3.6,miRNAs3.6,miRNAs3.7,miRNAs3.9,miRNAs3.10,miRNAs3.29,miRNAs3.30,smallRNA3.30,miRNA3.31,miRNAs3.32,miRNAs3.35,miRNAs3.41,miRNAs3.42,miRNA3.43,miRNAs3.44,miRNAs3.45,miRNAs3.46,miRNAs3.47,miRNA3.48,miRNAs3.48,miRNAs3.49,miRNAs3.50,miRNAs3.51,miRNAs3.52,miRNAs3.57,miRNAs3.58,miRNAs3.82,miRNA3.89,miRNAs3.92,miRNAs3.93,miRNAs3.94,miRNAs3.95,miRNAs3.96,miRNAs3.97,miRNAs3.102,miRNAs3.103,miRNAs3.112,miRNAs3.113,miRNAs3.114,miRNA3.116,miRNAs3.116,miRNAs3.119,miRNAs3.120,miRNAs3.140,miRNAs3.141,miRNA3.145,miRNA3.147,miRNA3.150,miRNA3.153,miRNAs3.154,miRNAs3.155,miRNAs3.156,miRNAs3.157,miRNAs3.159,miRNA3.159,miRNAs3.160,miRNAs3.180,miRNAs3.181,miRNAs3.182,miRNAs3.185,miRNA3.185,miRNAs3.186,miRNAs3.187,miRNAs3.188,miRNAs3.208,miRNAs3.212,miRNAs3.215,miRNAs3.216,miRNAs3.218,miRNAs3.219,miRNA3.219,miRNAs3.221,miRNAs3.223,miRNAs3.225,miRNAs3.228,miRNAs3.230,SmallRNA3.233,smallRNA3.235,miRNAs3.239,miRNA3.240,miRNAs3.243,miRNA3.247,miRNAs3.248,miRNA3.249,miRNAs3.255,miRNAs3.257,miRNA3.257,miRNAs3.262,miRNAs3.264,miRNA3.264,miRNAs3.265,miRNA3.270,miRNA3.277,miRNAs3.285,miRNA3.290,miRNAs3.292,miRNA3.297,miRNA3.299,miRNAs3.304,
PMC9953975, unknown, False, True, True, True, laser3.88,laser3.91,laser3.92,laser3.93,catharanthus3.132,catharanthusroseus3.132,banana3.134,pot3.134,S.fluitans3.134,tomato3.134,lemon3.134,alfalfa3.134,garlic3.134,Catharanthus3.134,Catharanthusroseus3.134,syringa3.134,syringaoblata3.134,Grapefruit3.134,pot3.135,lemon3.135,Daucus3.135,Daucuscarota3.135,P.acidus3.135,P.Acidus3.135,rose3.135,citrus3.135,tea3.137,soybeans3.137,Phyllanthus3.137,Phyllanthusacidus3.137,P.acidus3.137,carrot3.140,pot3.143,lotus3.143,cashew3.150, MicroRNAs1.1,microRNAs2.3,miRNA2.3,miRNA2.4,miRNAs2.5,microRNAs2.7,miRNAs2.11,microRNAs3.34,miRNAs3.34,miRNA3.35,miRNAs3.36,miRNAs3.40,miRNA3.43,miRNAs3.210,miRNAs3.213,miRNA3.214,miRNAs3.215,miRNAs3.216,miRNAs3.217,MiRNAs3.219,miRNA3.221,miRNAs3.222,miRNA3.223,miRNA3.224,miRNAs3.225,miRNA3.225,miRNA3.226,miRNA3.227,miRNA3.228,miRNA3.230,miRNA3.232,miRNAs3.233,miRNAs3.234,miRNA3.235,miRNAs3.236,miRNA3.237,miRNA3.239,miRNA3.240,miRNAs3.240,miRNAs3.241,miRNAs3.242,miRNA3.242,miRNAs3.245,miRNAs3.246,miRNA3.248,miRNA3.249,miRNAs3.249,miRNA3.251,miRNAs3.252,miRNA3.252,miRNA3.254,miRNAs3.255,miRNA3.256,miRNAs3.257,miRNAs3.259,MiRNAs3.259,microRNAs3.267,miRNAs3.267,miRNA3.268,miRNAs3.271,MicroRNA3.271,miRNAs3.273,miRNAs3.275,miRNA3.275,miRNAs3.276,miRNAs3.277,miRNAs3.283,miRNAs3.284,miRNA3.284,miRNAs3.285,miRNAs3.286,miRNA3.287,miRNA3.288,miRNA3.289,miRNAs3.290,miRNAs3.292,miRNAs3.293,miRNA3.294,miRNAs3.295,miRNAs3.298,miRNAs3.300,miRNAs3.302,miRNA3.307,miRNAs3.309,miRNA3.309,miRNA3.311,miRNA3.312,miRNA3.313,miRNA3.314,miRNA3.315,miRNA3.316,miR3.316,miRNA3.317,miRNA3.318,miRNA3.319,miRNA3.320,miRNA3.321,miRNA3.325,miRNA3.327,miRNA3.331,miRNAs3.333,miRNA3.333,miRNAs3.334,miRNA3.335,miRNA3.336,miRNA3.341,miRNA3.343,miRNA3.344,miRNA3.347,miRNA3.348,miRNA3.349,miRNAs3.358,miRNAs3.359,miRNAs3.360,miRNA3.361,miRNAs3.362,miRNA3.368,miRNA3.370,
PMC10700493, unknown, True, True, True, True, carrot1.1,carrot2.1,carrot2.3,carrot2.4,carrot2.5,carrot2.7,plants2.9,carrot3.3,Carrot3.4,carrot3.5,carrot3.6,carrot3.7,carrot3.8,carrot3.9,carrot3.10,plants3.10,Vigna3.10,Vignaaconitifolia3.10,carrot3.11,plants3.11,carrot3.12,carrot3.14,plants3.15,plants3.16,plants3.17,carrot3.18,carrot3.19,carrot3.27,carrot3.28,carrot3.29,carrot3.31,plants3.32,carrot3.33,plants3.33,carrot3.34,carrot3.37,carrot3.43,Carrot3.44,carrot3.47,plants3.50,plants3.54,plants3.57,plants3.63,carrot3.64,carrot3.65,plants3.67,carrot3.79,plants3.80,carrot3.114,plants3.115,carrot3.117,carrot3.118,plants3.118,plants3.119,plants3.120,plants3.121,plants3.122,plants3.135,plants3.139,plants3.142,plants3.143,carrot3.147,plants3.148,carrot3.149,carrot3.155,plants3.155,carrot3.157,plants3.157,plants3.158,carrot3.160,carrot3.162,plants3.166,cotton3.168,wheat3.171,plants3.174,plants3.176,carrot3.177,plants3.178,carrot3.178,plants3.179,carrot3.179,carrot3.182,plants3.187,glycine3.188,plants3.189,plants3.195,plants3.196,plants3.197,plants3.201,plants3.203,plants3.206,plants3.210,carrot3.211,plants3.211,plants3.212,plants3.214,plants3.220,plants3.224,tomato3.225,barley3.227,wheat3.227,plants3.230,carrot3.240,Arabidopsis3.243,Arabidopsis3.254,carrot3.255,landplants3.255,plants3.255,carrot3.258,carrot3.260,plants3.262,carrot3.264,carrot3.267,Daucuscarota3.267,Daucus3.267,carrot3.268,Plants3.269,plants3.270,plants3.271,carrot3.275,carrot3.282,carrot3.292,carrot3.302, miRNAs2.4,smallRNA2.5,miRNA2.5,miRNAs2.6,miRNA2.7,miRNA2.8,miRNA2.9,microRNAs3.20,miRNAs3.20,miRNAs3.21,miRNAs3.22,miRNAs3.24,miRNAs3.25,miRNA3.25,miRNA3.26,miRNAs3.27,miRNAs3.28,miRNAs3.29,miRNAs3.30,miRNAs3.31,miRNAs3.33,smallRNA3.33,miRNAs3.34,smallRNAs3.40,miRNA3.41,miRNAs3.42,miRNAs3.43,miRNA3.44,miRNAs3.47,miRNAs3.48,miRNAs3.49,miRNAs3.50,miRNA3.50,miRNAs3.51,miRNA3.52,miRNAs3.53,miRNAs3.54,miRNAs3.55,miRNAs3.56,miRNAs3.57,miRNAs3.58,miRNAs3.59,miRNAs3.60,miRNAs3.64,miRNA3.64,miRNAs3.65,miRNAs3.66,miRNAs3.68,miRNA3.71,miRNAs3.71,miRNAs3.74,miRNAs3.75,miRNAs3.77,miRNA3.77,miRNAs3.78,miRNAs3.79,miRNA3.86,miRNAs3.86,miRNA3.87,miRNAs3.87,miRNA3.89,miRNAs3.89,miRNA3.91,miRNAs3.92,miRNAs3.95,miRNAs3.96,miRNA3.97,miRNAs3.97,miRNA3.98,miRNAs3.98,miRNAs3.99,miRNAs3.102,miRNA3.103,miRNAs3.104,miRNAs3.108,miRNA3.110,miRNA3.114,miRNAs3.124,miRNAs3.125,miRNA3.125,miRNA3.126,miRNAs3.127,miRNAs3.131,miRNA3.131,miRNAs3.133,miRNA3.135,miRNA3.144,miRNAs3.147,smallRNA3.148,miRNAs3.148,miRNA3.151,miRNAs3.152,miRNA3.152,miRNA3.154,miRNAs3.155,miRNA3.155,miRNAs3.158,miRNAs3.159,miRNAs3.160,miRNA3.160,miRNAs3.161,miRNA3.162,miRNAs3.162,miRNA3.163,miRNA3.164,miRNA3.165,miRNA3.166,miRNA3.167,miRNA3.169,miRNA3.170,miRNA3.172,miRNAs3.173,miRNA3.174,miRNA3.175,miRNA3.177,miRNAs3.177,miRNAs3.178,miRNAs3.179,miRNA3.179,miRNA3.180,miRNAs3.182,miRNAs3.183,miRNAs3.186,miRNA3.186,miRNA3.197,miRNA3.199,miRNAs3.199,miRNA3.211,miRNA3.219,miRNA3.238,miRNA3.240,miRNA3.249,miRNA3.254,smallRNAs3.258,miRNAs3.258,miRNA3.258,miRNA3.259,miRNA3.260,miRNAs3.260,miRNA3.264,miRNA3.265,SmallRNA3.279,miRNAs3.281,miRNA3.281,miRNA3.286,miRNA3.291,miRNAs3.292,miRNA3.292,miRNA3.293,miRNAs3.293,SmallRNA3.293,miRNA3.294,miRNA3.296,miRNA3.297,miRNA3.302,miRNA3.304,miRNA3.305,
PMC6405255, unknown, True, True, True, True, carrot1.1,Daucuscarota1.1,Daucus1.1,Carrot2.2,plants2.3,carrot2.4,carrot2.5,carrot2.6,carrot2.12,plants2.13,plants3.1,plants3.3,plants3.5,plants3.8,higherplants3.15,plants3.15,Daucus3.16,Daucuscarota3.16,Carrot3.16,Carrot3.18,Carrot3.19,carrot3.20,carrot3.21,carrots3.21,carrot3.22,carrot3.23,carrot3.26,carrot3.28,carrot3.29,plants3.32,carrots3.34,carrot3.34,carrot3.36,carrot3.68,carrot3.78,carrot3.86,carrot3.88,Viridiplantae3.98,carrot3.108,carrot3.110,carrot3.129,carrot3.130,carrot3.139,carrot3.144,carrot3.153,carrot3.154,carrot3.156,carrot3.158,carrot3.161,carrot3.165,plants3.174,carrot3.175,plants3.176,carrot3.177,carrot3.178,plants3.180,carrot3.181,carrot3.188,celery3.191,Arabidopsis3.191,rice3.191,plants3.194,plants3.195,chickpea3.198,carrot3.198,carrot3.201,carrot3.202,carrot3.203,carrot3.205,sweetorange3.207,carrot3.208,tomato3.212,plants3.214,plants3.215,plants3.217,carrot3.219,carrot3.220,plants3.220,carrot3.222,carrot3.223,carrot3.229,carrot3.240, miRNAs1.1,microRNAs2.1,microRNAs2.3,miRNAs2.5,miRNAs2.6,microRNAs2.8,miRNA2.9,microRNAs2.10,miRNA2.11,miRNAs3.1,smallRNAs3.1,miRNA3.5,miRNAs3.5,miRNAs3.7,smallRNA3.8,miRNAs3.8,smallRNA3.11,miRNA3.11,miRNAs3.11,smallRNA3.12,miRNAs3.12,miRNAs3.14,miRNAs3.23,miRNA3.23,miRNAs3.24,miRNAs3.25,miRNA3.26,miRNA3.28,smallRNA3.38,miRNAs3.49,miRNAs3.50,miRNA3.50,miRNAs3.51,miRNAs3.52,miRNA3.54,miRNAs3.55,miRNAs3.56,miRNA3.57,miRNAs3.57,miRNA3.59,miRNA3.61,miRNAs3.62,miRNAs3.63,miRNA3.64,miRNAs3.67,miRNA3.68,miRNAs3.69,miRNA3.71,miRNA3.78,miRNAs3.78,miRNAs3.82,miRNA3.84,miRNAs3.85,miRNAs3.86,miRNAs3.88,smallRNA3.88,smallRNAs3.90,smallRNAs3.92,miRNA3.94,miRNAs3.97,miRNA3.97,miRNAs3.98,miRNA3.98,miRNAs3.99,miRNA3.100,miRNAs3.101,miRNAs3.103,miRNAs3.104,miRNAs3.105,miRNAs3.106,miRNA3.106,miRNA3.107,miRNAs3.107,smallRNA3.107,miRNAs3.108,miRNAs3.109,miRNAs3.110,miRNA3.111,miRNAs3.112,miRNAs3.113,miRNAs3.114,miRNA3.117,miRNAs3.117,miRNAs3.118,miRNA3.120,miRNA3.121,miRNAs3.129,miRNAs3.130,miRNAs3.132,miRNA3.133,miRNAs3.134,miRNAs3.135,miRNAs3.136,miRNAs3.137,miRNAs3.138,miR3.139,miRNAs3.140,miRNA3.143,miRNAs3.144,miRNAs3.145,miRNAs3.146,miRNAs3.147,miRNAs3.148,miRNAs3.149,miRNAs3.150,miRNAs3.152,miRNA3.152,miRNA3.153,miRNAs3.154,miRNAs3.156,miRNAs3.157,miRNAs3.158,miRNA3.163,miRNA3.165,miRNAs3.165,miRNA3.167,miRNA3.168,miRNAs3.175,miRNA3.176,miRNAs3.177,miRNAs3.178,smallRNA3.179,miRNAs3.180,miRNA3.181,miRNAs3.182,miRNAs3.183,smallRNA3.183,smallRNAs3.186,smallRNAs3.187,miRNAs3.188,miRNAs3.189,miRNAs3.190,miRNA3.190,miRNAs3.191,microRNA3.192,miRNAs3.193,miRNA3.193,miRNAs3.195,miRNA3.196,miRNA3.197,miRNAs3.198,miRNA3.198,miRNAs3.199,miRNA3.200,miRNAs3.200,miRNA3.202,smallRNA3.203,miRNA3.203,miRNAs3.204,miRNAs3.205,miRNAs3.207,miRNAs3.208,miRNAs3.209,miRNAs3.210,miRNAs3.211,miRNAs3.213,miRNAs3.214,miRNA3.215,miRNAs3.216,miRNAs3.218,miRNAs3.219,miRNA3.220,smallRNA3.221,miRNAs3.222,miRNAs3.223,miRNAs3.224,miRNA3.225,miRNAs3.226,miRNAs3.227,miRNAs3.228,miRNA3.229,miRNAs3.229,miRNAs3.230,miRNAs3.231,miRNA3.233,miRNAs3.234,miRNAs3.235,miRNAs3.237,miRNA3.239,miRNA3.240,miRNA3.241,
PMC6409774, unknown, True, True, True, True, Helianthus1.1,Sunflower1.1,Helianthusannuus1.1,plants2.1,Helianthus2.2,Helianthusannuus2.2,Amborella2.2,Amborellatrichopoda2.2,Aquilegia2.2,Aquilegiacoerulea2.2,Arabidopsis2.2,Arabidopsisthaliana2.2,Daucus2.2,Daucuscarota2.2,Glycine2.2,Glycinemax2.2,Oryza2.2,Oryzasativa2.2,Solanum2.2,Solanumlycopersicum2.2,Sphagnum2.2,Sphagnumfallax2.2,Vitis2.2,Vitisvinifera2.2,A.thaliana2.3,G.max2.3,A.trichopoda2.3,A.coerulea2.3,C.reinhardtii2.3,D.carota2.3,H.annuus2.3,S.lycopersicum2.3,S.fallax2.3,H.annuus2.4,sunflower2.7,sunflower2.9,plants3.3,alfalfa3.5,pea3.5,pea3.6,plants3.16,rice3.18,Arabidopsis3.18,plants3.18,Daucus3.19,Daucuscarota3.19,Helianthus3.19,Helianthusannuus3.19,Solanum3.19,Solanumlycopersicum3.19,Amborellales3.19,Amborella3.19,Amborellatrichopoda3.19,Ranunculales3.19,Aquilegia3.19,Aquilegiacoerulea3.19,Sphagnum3.19,Sphagnumfallax3.19,Chlamydomonas3.19,Chlamydomonasreinhardtii3.19,Asterids3.19,Algae3.19,sunflower3.20,sunflower3.21,H.annuus3.22,A.coerulea3.22,A.trichopoda3.22,C.reinhardtii3.22,D.carota3.22,S.fallax3.22,S.lycopersicum3.22,A.thaliana3.22,G.max3.22,V.vinifera3.22,O.sativa3.22,Rosids3.22,sunflower3.23,A.coerulea3.25,A.trichopoda3.25,C.reinhardtii3.25,D.carota3.25,H.annuus3.25,S.fallax3.25,S.lycopersicum3.25,Sunflower3.26,A.thaliana3.27,G.max3.27,A.thaliana3.33,sunflower3.35,H.annuus3.36,O.sativa3.40,A.trichopoda3.40,G.max3.40,H.annuus3.40,V.vinifera3.40,A.thaliana3.40,plants3.41,H.annuus3.42,sunflower3.43,sunflower3.45,Arabidopsis3.46,sunflower3.49,Sunflower3.49,sunflower3.52,H.annuus3.56,sunflower3.61,H.annuus3.61,plants3.62,A.thaliana3.72,G.max3.72,sunflower3.72,Sunflower3.72,A.coerulea3.73,A.trichopoda3.73,C.reinhardtii3.73,D.carota3.73,S.fallax3.73,S.lycopersicum3.73,A.coerulea3.75,A.trichopoda3.75,C.reinhardtii3.75,D.carota3.75,H.annuus3.75,S.lycopersicum3.75,S.fallax3.75,sunflower3.76,sunflower3.87,Arabidopsis3.87,soybean3.87,A.coerulea3.89,A.thaliana3.89,A.trichopoda3.89,C.reinhardtii3.89,D.carota3.89,G.max3.89,H.annuus3.89,O.sativa3.89,S.lycopersicum3.89,V.vinifera3.89,A.thaliana3.92,G.max3.92,A.thaliana3.93,A.thaliana3.94,soybean3.95,Sunflower3.97,sunflower3.98,sunflower3.99,sunflower3.102,C.reinhardtii3.110,S.lycopersicum3.114,V.vinifera3.114,A.trichopoda3.115,A.trichopoda3.116,V.vinifera3.117,D.carota3.117,S.lycopersicum3.117,A.trichopoda3.117,H.annuus3.118,G.max3.118,S.lycopersicum3.118,V.vinifera3.118,S.fallax3.118,C.reinhardtii3.118,C.reinhardtii3.120,Arabidopsis3.127,G.max3.127,sunflower3.128,sunflower3.129,sunflower3.131,C.reinhardtii3.137,S.lycopersicum3.140,V.vinifera3.140,D.carota3.140,C.reinhardtii3.140,sunflower3.144,O.sativa3.146,A.trichopoda3.146,G.max3.146,H.annuus3.146,V.vinifera3.146,A.thaliana3.146,Sunflower3.148,sunflower3.149,sunflower3.165,bryophytes3.168,algae3.168,algae3.169,algae3.171,plants3.181,A.coerulea3.183,A.trichopoda3.183,C.reinhardtii3.183,D.carota3.183,H.annuus3.183,S.fallax3.183,S.lycopersicum3.183,Triticeae3.184,wheat3.184,barley3.184,rye3.184,triticale3.184,V.vinifera3.186,Arabidopsis3.186,Ziziphus3.187,Ziziphusjujuba3.187,Arabidopsis3.187,S.lycopersicum3.189,tomato3.189,C.reinhardtii3.191,D.carota3.193,A.trichopoda3.193,S.fallax3.193,H.annuus3.193,sunflower3.194,Arabidopsis3.194,rice3.194,soybean3.194,sunflower3.195,soybean3.195,Soybean3.196,plants3.197,sunflower3.198,soybean3.198,Arabidopsis3.198,poplar3.198,rice3.198,Brachypodium3.198,Brachypodiumdistachyon3.198,Malus3.198,Malusdomestica3.198,Ziziphus3.198,Ziziphusjujuba3.198,Triticeae3.198,Brassica3.198,Brassicarapa3.198,Fragaria3.198,Fragariavesca3.198,sunflower3.199,Arabidopsis3.199,soybean3.200,D.carota3.201,sunflower3.202,Arabidopsis3.202,sweetpotato3.204,Ipomoeabatatas3.204,potato3.204,Ipomoea3.204,tobacco3.205,maize3.206,Arabidopsis3.207,Arabidopsis3.208,rice3.209,soybean3.210,sunflower3.210,Arabidopsis3.210,A.thaliana3.211,rice3.212,alfalfa3.212,G.max3.213,soybean3.213,maize3.214,Hordeum3.215,Hordeumvulgare3.215,G.max3.216,Arabidopsis3.216,sunflower3.217,sunflower3.218,Arabidopsis3.219,soybean3.219,sunflower3.222,soybean3.223,apple3.223,cotton3.223,Arabidopsis3.225,soybean3.225,Arabidopsis3.226,rice3.226,poplar3.226,B.distachyon3.226,apple3.226,soybean3.229,Arabidopsis3.229,S.fallax3.229,Sunflower3.229,soybean3.230,Arabidopsis3.230,sunflower3.232,soybean3.232,Arabidopsis3.233,Arabidopsis3.234,C.reinhardtii3.235,G.max3.236,soybean3.237,Amborellales3.238,Ranunculales3.238,Algae3.238,Monocots3.238,Rosids3.238,Asterids3.238,Amborellales3.239,landplants3.239,plants3.239,A.trichopoda3.242,O.sativa3.242,sunflower3.242,V.vinifera3.243,S.lycopersicum3.243,D.carota3.243,Arabidopsis3.244,angiosperms3.245,soybean3.245,O.sativa3.245,S.fallax3.246,O.sativa3.246,A.trichopoda3.246,Ranunculales3.246,A.coerulea3.246,sunflower3.247,S.lycopersicum3.247,D.carota3.247,V.vinifera3.247,Arabidopsis3.249,Gossypium3.250,Gossypiumraimondii3.250,Arabidopsis3.253,sunflower3.255,sunflower3.256,Arabidopsis3.260,Zea3.261,Zeamays3.261,sunflower3.262,Gossypium3.264,Gossypiumhirsutum3.264,H.annuus3.274,plants3.277,Gossypium3.277,Gossypiumhirsutum3.277,Oryza3.277,Oryzasativa3.277,H.annuus3.278,D.carota3.278,S.fallax3.278,A.coerulea3.278,A.trichopoda3.278,C.reinhardtii3.278,S.lycopersicum3.278,sunflower3.279,A.thaliana3.279,G.max3.279,O.sativa3.279,V.vinifera3.279,sunflower3.280,plants3.280,soybean3.280,A.thaliana3.281,G.max3.281,A.thaliana3.282,G.max3.282,C.reinhardtii3.283,sunflower3.284,plants3.286,sunflower3.286,sunflower3.287, microRNAs2.7,microRNA2.7,miRNA3.49,miRNA3.61,smallRNA3.61,microRNAs3.61,miRNA3.148,miRNA3.165,miRNAs3.166,miRNA3.255,microRNAs3.274,miRNAs3.274,miRNAs3.275,miRNAs3.276,miRNAs3.277,