PMC5594537, unknown, True, True, True, True, Oryza1.1,Oryza2.3,Oryzasativa2.3,Oryza2.4,Oryza2.5,Oryza2.7,O.longistaminata2.8,O.brachyantha2.8,O.punctata2.8,Oryza2.9,O.brachyantha2.9,O.coarctata2.10,O.glaberrima2.10,Oryza2.11,plants3.3,plants3.8,plants3.10,plants3.17,eudicots3.17,monocots3.17,Oryza3.19,Oryza3.20,Oryza3.21,Oryza3.22,rice3.22,Oryza3.23,rice3.23,Oryza3.25,rice3.25,Oryza3.27,rice3.28,Oryza3.28,Oryza3.29,rice3.29,rice3.31,Oryza3.31,Oryza3.33,Oryza3.34,rice3.34,rice3.35,Oryzasativa3.35,Oryza3.35,Oryza3.36,Oryza3.37,plants3.37,Oryza3.39,O.brachyantha3.40,O.rufipogon3.40,O.sativa3.40,O.brachyantha3.41,O.punctata3.41,Oryza3.41,O.brachyantha3.42,O.punctata3.42,rice3.42,O.sativa3.42,O.meridionalis3.43,O.nivara3.43,O.sativa3.43,Oryza3.44,O.sativa3.45,O.brachyantha3.46,O.brachyantha3.47,Oryza3.47,O.sativa3.47,Oryza3.48,Oryza3.49,O.sativa3.49,Oryza3.52,Oryza3.53,plants3.53,plants3.54,plants3.55,Oryza3.57,rice3.57,Oryza3.58,rice3.58,Oryza3.60,O.brachyantha3.63,O.glumaepatula3.63,O.longistaminata3.63,O.meridionalis3.63,O.nivara3.63,O.punctata3.63,O.rufipogon3.63,O.sativa3.63,Oryza3.64,Oryza3.65,O.brachyantha3.65,O.punctata3.65,Oryza3.66,O.nivara3.67,O.sativa3.67,Oryza3.68,Oryza3.70,plants3.71,Oryza3.73,Oryza3.74,Oryza3.75,Oryza3.77,Oryza3.78,O.nivara3.78,O.rufipogon3.78,Oryza3.80,rice3.81,rice3.82,rice3.83,Oryza3.83,Oryza3.84,rice3.85,Oryza3.86,Oryza3.87,Oryza3.88,rice3.89,Oryza3.90,Oryza3.91,Oryza3.92,Oryza3.94,Oryza3.97,Oryza3.100,Oryza3.103,rice3.104,Oryza3.105,Oryza3.106,Oryza3.107,Oryza3.108,Oryza3.115,Oryza3.118,Oryza3.123,rice3.125,Oryza3.125,Oryza3.126,Oryza3.129,Oryza3.131,rice3.132,Arabidopsis3.132,Oryza3.133,Oryza3.134,rice3.136,Arabidopsis3.136,Oryza3.137,O.rufipogon3.138,Arabidopsis3.139,Oryza3.145,rice3.146,Oryza3.146,rice3.148,rice3.149,Oryza3.150,Oryza3.151,Oryza3.152,Oryza3.153,plants3.153,O.punctata3.155,O.brachyantha3.155,Oryza3.157,O.longistaminata3.158,O.longistaminata3.159,Oryza3.159,O.brachyantha3.160,O.punctata3.160,Oryza3.160,Oryza3.164,Oryza3.165,rice3.165,Oryza3.166,O.longistaminata3.168,rice3.168,rice3.169,rice3.170,Oryza3.171,rice3.172,rice3.173,Oryza3.174,rice3.174,Oryza3.175,O.brachyantha3.175,rice3.175,Oryzasativa3.175,Oryza3.177,rice3.178,Oryza3.181,O.sativa3.181,O.brachyantha3.181,O.glaberrima3.181,O.rufipogon3.181,O.nivara3.181,O.brachyantha3.182,O.brachyantha3.183,rice3.183,Oryza3.184,Oryza3.186,Oryza3.187,rice3.189,Oryza3.189,Oryza3.190,rice3.191,Oryza3.191,Oryza3.194,Oryza3.195,Oryza3.196,O.brachyantha3.197,O.sativa3.199,rice3.199,O.brachyantha3.199,O.glaberrima3.199,O.nivara3.199,O.rufipogon3.199,rice3.203,rice3.208,rice3.214,Oryza3.214,O.coarctata3.214,O.glaberrima3.214,rice3.215,O.coarctata3.216,O.glaberrima3.217,O.coarctata3.218,O.coarctata3.219,rice3.220,O.coarctata3.220,Oryza3.221,O.glaberrima3.222,O.coarctata3.222,rice3.222,Oryza3.223,rice3.223,O.coarctata3.224,rice3.224,O.coarctata3.227,O.glaberrima3.227,O.glaberrima3.228,O.coarctata3.228,rice3.230,Oryza3.230,Oryza3.231,Oryza3.232,Oryza3.233,Oryza3.234,rice3.235,O.glaberrima3.236,O.coarctata3.236,Oryza3.238,rice3.238,O.sativa3.238,Oryza3.239,rice3.239,Oryza3.240,rice3.242,Oryza3.242,Oryza3.244,O.sativa3.244,O.glaberrima3.244,O.nivara3.244,O.rufipogon3.244,O.brachyantha3.244,Oryza3.245,Oryza3.249,Oryza3.250,rice3.251,O.coarctata3.251,O.glaberrima3.251,O.coarctata3.252,rice3.252,O.glaberrima3.252,Oryza3.252,plants3.253,Plants3.253,O.coarctata3.253,O.glaberrima3.253,plants3.254,Oryza3.256,Oryza3.259,Oryza3.260,Oryza3.261,Oryza3.264,Oryza3.265,Oryza3.266,Oryza3.267,O.sativa3.268,Oryza3.268,O.brachyantha3.269,O.glaberrima3.269,O.glumaepatula3.269,O.meridionalis3.269,O.nivara3.269,O.punctata3.269,O.rufipogon3.269,O.sativa3.269,Oryza3.272,Oryza3.274,Oryza3.276,Oryza3.279,Oryza3.283,Oryza3.290,Oryza3.292,Oryza3.293,Oryza3.299,Oryza3.301,rice3.304,Oryza3.304,rice3.307,Oryza3.307,Oryza3.309,Oryza3.316,rice3.318,rice3.320, miRNA1.1,miRNAs2.1,miRNA2.3,miRNA2.4,miRNA2.5,miRNA2.6,miRNA2.7,miRNAs2.10,miRNA2.11,miRNAs3.1,smallRNAs3.1,miRNA3.2,miRNA3.3,miRNA3.4,miRNA3.5,miRNAs3.6,miRNA3.7,miRNAs3.8,miRNAs3.9,miRNAs3.10,miRNA3.10,miRNA3.11,miRNA3.12,miRNA3.13,miRNA3.14,miRNA3.15,miRNAs3.16,miRNA3.16,miRNA3.17,miRNA3.18,miRNA3.28,miRNAs3.29,miRNA3.29,miRNA3.30,miRNA3.31,miRNA3.33,miRNA3.34,miRNA3.35,miRNA3.37,miRNA3.38,miRNA3.39,miRNA3.40,miRNA3.43,miRNA3.44,miRNA3.45,miRNA3.46,miRNA3.47,miRNA3.48,miRNA3.49,miRNA3.50,miRNA3.52,miRNA3.53,miRNA3.54,miRNAs3.55,miRNA3.55,miRNA3.56,miRNA3.57,miRNA3.58,miRNA3.59,miRNA3.60,miRNA3.61,miRNA3.63,miRNA3.64,miRNA3.65,miRNA3.66,miRNA3.68,miRNAs3.69,miRNA3.70,miRNA3.71,miRNAs3.72,miRNA3.72,miRNA3.73,miRNA3.74,miRNA3.76,miRNA3.77,miRNA3.78,miRNA3.80,miRNA3.83,miRNA3.84,miRNA3.87,miRNA3.90,miRNA3.91,miRNA3.92,miRNA3.93,miRNAs3.94,miRNA3.95,miRNA3.97,miRNA3.99,miRNAs3.101,miRNAs3.102,miRNAs3.103,miRNAs3.104,miRNAs3.105,miRNAs3.106,miRNA3.107,miRNA3.108,miRNA3.109,miRNA3.111,miRNA3.112,miRNAs3.112,miRNA3.113,miRNAs3.114,miRNA3.115,miRNAs3.115,miRNAs3.116,miRNAs3.117,miRNA3.119,miRNAs3.119,miRNA3.120,miRNA3.121,miRNAs3.121,miRNA3.122,miRNA3.123,miRNA3.124,miRNA3.125,miRNAs3.125,miRNA3.126,miRNA3.129,miRNAs3.129,miRNA3.132,miRNA3.133,miRNAs3.134,miRNA3.140,miRNAs3.144,miRNA3.146,miRNA3.147,miRNA3.149,miRNA3.150,miRNA3.151,miRNAs3.153,miRNA3.155,miRNA3.156,miRNAs3.157,miRNA3.158,miRNAs3.164,miRNA3.168,miRNA3.169,miRNA3.171,miRNA3.173,miRNA3.181,miRNA3.183,miRNA3.188,miRNA3.192,miRNA3.214,miRNAs3.214,miRNAs3.215,miRNA3.216,miRNAs3.217,miRNAs3.218,miRNA3.218,miRNAs3.219,miRNAs3.220,miRNAs3.221,miRNA3.222,miRNA3.223,miRNAs3.224,miRNAs3.225,miRNAs3.227,miRNAs3.228,miRNA3.230,miRNA3.231,miRNA3.232,miRNA3.233,miRNA3.234,miRNA3.235,miRNAs3.237,miRNA3.239,miRNA3.242,miRNAs3.243,miRNA3.248,miRNA3.251,miRNAs3.251,miRNA3.255,miRNAs3.255,miRNA3.256,miRNA3.258,miRNA3.259,miRNA3.260,miRNA3.261,miRNA3.263,miRNA3.264,miRNA3.265,miRNA3.266,miRNA3.267,miRNAs3.268,miRNA3.274,miRNA3.276,miRNAs3.280,miRNAs3.287,miRNAs3.288,miRNA3.290,miRNAs3.292,miRNA3.295,miRNA3.296,miRNA3.297,miRNA3.299,miRNA3.301,miRNAs3.301,miRNA3.304,miRNA3.307,miRNAs3.320,
PMC9905475, unknown, True, True, True, True, Oryza1.1,Oryzasativa1.1,plants2.2,Oryza2.4,Oryza2.5,Oryzacoarctata2.5,O.coarctata2.7,O.sativa2.8,rice2.10,plants3.2,plants3.9,switchgrass3.11,rice3.13,wildrice3.13,rice3.14,Oryzasativa3.14,Oryza3.14,Oryza3.15,O.sativa3.16,Oryza3.17,Oryza3.18,O.sativa3.20,O.sativa3.21,Oryza3.23,Oryza3.24,Oryza3.25,Oryza3.26,Oryza3.27,O.coarctata3.27,Oryza3.39,Oryza3.40,Oryza3.41,O.punctata3.44,O.sativa3.44,O.australiensis3.44,O.barthii3.44,O.punctata3.45,O.officinalis3.45,Oryza3.48,Oryza3.49,Oryza3.50,O.punctata3.51,O.officinalis3.51,O.sativa3.52,Oryza3.53,O.coarctata3.55,wildrice3.55,rice3.55,Oryza3.56,Oryza3.59,Oryza3.60,O.punctata3.61,O.minuta3.61,O.punctata3.62,O.punctata3.63,O.minuta3.65,O.minuta3.66,O.punctata3.66,Oryza3.68,Oryza3.69,O.punctata3.71,O.minuta3.71,O.punctata3.72,O.alta3.74,O.glaberrima3.74,O.coarctata3.75,Oryza3.77,O.glaberrima3.77,O.officinalis3.77,O.alta3.77,O.nivara3.77,O.rufipogon3.77,O.barthii3.77,O.australiensis3.77,rice3.78,O.sativa3.78,O.sativa3.79,O.officinalis3.81,O.alta3.81,O.glaberrima3.81,O.alta3.82,O.glaberrima3.82,O.coarctata3.84,O.coarctata3.86,Oryza3.86,Oryza3.87,dicots3.88,monocots3.88,rice3.88,Oryza3.91,O.coarctata3.92,Oryza3.92,Oryza3.93,Oryza3.94,rice3.95,O.sativa3.95,dicots3.96,monocots3.96,Oryza3.97,Oryza3.98,Oryza3.99,O.sativa3.103,O.sativa3.105,Oryza3.110,O.sativa3.110,rice3.110,O.sativa3.112,O.sativa3.114,O.barthii3.114,O.australiensis3.114,Oryza3.115,O.coarctata3.115,O.sativa3.116,O.sativa3.120,Osa3.121,rice3.123,O.sativa3.123,rice3.124,rice3.126,Oryza3.126,rice3.148,rice3.153,rice3.158,O.coarctata3.173,Oryza3.173,Oryza3.174,O.coarctata3.175,Oryza3.176,Arabidopsis3.178,Arabidopsis3.179,O.coarctata3.185,Oryza3.185,O.coarctata3.186,Oryza3.186,Arabidopsis3.187,Oryza3.188,O.coarctata3.188,Arabidopsis3.190,O.coarctata3.191,A.thaliana3.193,O.coarctata3.194,O.sativa3.194,Arabidopsis3.199,Arabidopsis3.201,rice3.202,O.sativa3.207,rice3.210,Arabidopsis3.213,rice3.222,O.sativa3.223,creepingbentgrass3.223,bentgrass3.223,bentgrass3.224,rice3.226,Oryza3.227,rice3.229,O.sativa3.234,Oryza3.235,O.coarctata3.237,O.sativa3.238,Oryza3.240,Oryza3.241,Oryza3.242,Oryza3.243,Oryza3.245,California3.246,Oryza3.269,Oryza3.272,dicots3.272,rice3.273,rice3.278,Oryza3.279,Oryzasativa3.279,O.sativa3.279,rice3.279,rice3.281,Osa3.321,O.sativa3.323,O.sativa3.325,plants3.328,Osa3.335,O.sativa3.335,Oryza3.338,Oryza3.340,Osa3.340,O.sativa3.347,Oryza3.347, miRNA1.1,miRNAs2.1,miRNA2.1,miRNA2.3,miRNA2.6,miRNA2.7,miRNA2.8,miRNAs3.1,miRNA3.2,miRNAs3.3,miRNA3.4,miRNA3.5,miRNA3.6,smallRNA3.7,miRNA3.9,miRNAs3.10,miRNAs3.11,miRNAs3.13,miRNA3.23,miRNA3.24,miRNAs3.24,miRNA3.27,miRNA3.42,miRNA3.43,miRNA3.49,miRNA3.52,miRNA3.54,miRNA3.57,miRNA3.59,miRNA3.60,miRNA3.61,miRNA3.70,miRNA3.72,miRNA3.76,miR3.81,miRNA3.86,miRNA3.91,miRNA3.96,miRNA3.111,miRNA3.112,miRNA3.131,miRNA3.133,SmallRNA3.168,miRNA3.172,miRNAs3.172,miRNA3.173,miRNA3.174,miRNA3.176,miRNA3.178,miRNA3.181,miRNAs3.182,miRNA3.182,miRNA3.183,miRNA3.185,miRNA3.189,miRNA3.191,miRNA3.192,miRNA3.193,miRNA3.194,miRNA3.196,miRNAs3.196,miRNA3.197,miRNA3.198,miRNA3.200,miRNAs3.211,miRNAs3.212,miRNA3.212,miRNAs3.213,miRNA3.213,miRNA3.217,miRNA3.227,miRNA3.230,miRNAs3.231,miRNA3.231,MiRNA3.231,miRNA3.235,miRNA3.236,miRNA3.237,miRNA3.238,miRNA3.240,miRNAs3.240,miRNA3.241,miRNA3.243,miRNAs3.245,miRNA3.269,miRNA3.272,miRNA3.273,miRNA3.275,miRNA3.333,miRNA3.334,smallRNA3.340,SmallRNA3.340,smallRNA3.342,
PMC10216681, unknown, True, True, True, True, plants2.1,rice2.2,flag2.3,rice2.3,Oryza2.4,O.barthii2.4,O.brachyantha2.4,O.punctata2.4,Oryza2.6,rice2.7,plants3.2,Arabidopsis3.6,maize3.6,plants3.8,Acacia3.8,Acaciaconfusa3.8,A.colei3.8,Hedera3.8,Hederahelix3.8,Eucalyptus3.8,Eucalyptusglobulus3.8,Quercus3.8,Quercusacutissima3.8,Arabidopsis3.8,maize3.8,Arabidopsis3.9,plants3.10,rice3.12,Arabidopsis3.12,Arabidopsis3.13,maize3.14,rice3.15,Populus3.16,Populustrichocarpa3.16,plants3.16,wheat3.16,potatoes3.16,soybeans3.16,Arabidopsis3.17,grasses3.26,Oryza3.27,Oryzasativa3.27,Oryzaglaberrima3.27,poaceae3.27,Oryza3.28,rice3.29,poaceae3.30,rice3.31,grasses3.32,Oryza3.34,Oryzasativa3.34,Sorghum3.34,Sorghumbicolor3.34,Zea3.34,Zeamays3.34,Triticum3.34,Triticumaestivum3.34,Arabidopsis3.34,Arabidopsisthaliana3.34,Oryza3.35,Oryzasativa3.35,O.glaberrima3.35,O.glumaepatula3.35,O.rufipogon3.35,O.punctata3.35,O.barthii3.35,O.brachyantha3.35,sorghum3.35,maize3.35,Arabidopsis3.35,grasses3.37,Arabidopsis3.38,arabidopsis3.38,Oryza3.39,maize3.39,sorghum3.39,Arabidopsis3.39,O.rufipogon3.41,O.glaberrima3.41,O.barthii3.41,O.glumaepatula3.41,O.brachyantha3.41,O.punctata3.41,Zea3.41,Zeamays3.41,Sorghum3.41,Sorghumbicolor3.41,Arabidopsis3.41,arabidopsis3.41,Arabidopsisthaliana3.41,Oryza3.42,Oryzasativa3.42,rice3.44,Oryzasativa3.44,Oryza3.44,wheat3.44,maize3.44,sorghum3.44,Oryza3.50,arabidopsis3.50,O.sativa3.57,rice3.57,O.rufipogon3.57,O.glaberrima3.57,O.barthii3.57,O.glumaepatula3.57,O.brachyantha3.57,O.punctata3.57,Zea3.57,Zeamays3.57,Sorghum3.57,Sorghumbicolor3.57,Arabidopsis3.57,Plants3.58,pot3.59,plants3.59,O.sativa3.60,O.rufipogon3.60,O.glaberrima3.60,O.barthii3.60,O.glumaepatula3.60,O.brachyantha3.60,O.punctata3.60,Zea3.60,Zeamays3.60,Sorghum3.60,Sorghumbicolor3.60,Arabidopsis3.60,Arabidopsisthaliana3.60,Triticum3.60,Triticumaestivum3.60,wheat3.60,Oryza3.64,flag3.64,sorghum3.64,maize3.64,Arabidopsis3.64,poaceae3.79,Oryza3.81,sorghum3.81,maize3.81,Arabidopsis3.81,wheat3.81,rice3.82,rice3.83,sorghum3.84,maize3.84,Arabidopsis3.84,rice3.85,rice3.87,maize3.87,Arabidopsis3.87,sorghum3.87,plants3.89,poaceae3.90,flag3.91,rice3.91,rice3.92,sorghum3.93,flag3.93,maize3.94,flag3.94,Arabidopsis3.95,rice3.97,maize3.97,sorghum3.97,Arabidopsis3.97,Oryza3.99,Arabidopsis3.101,Oryza3.101,sorghum3.101,poaceae3.101,maize3.102,Arabidopsis3.102,Arabidopsis3.103,maize3.103,Arabidopsis3.104,maize3.104,rice3.105,sorghum3.106,maize3.106,Arabidopsis3.106,poaceae3.106,poaceae3.107,maize3.108,Arabidopsis3.108,sorghum3.109,sorghum3.110,maize3.114,sorghum3.115,maize3.115,Arabidopsis3.115,rice3.115,sorghum3.116,Arabidopsis3.117,sorghum3.119,maize3.120,sorghum3.122,maize3.122,Arabidopsis3.122,sorghum3.123,maize3.124,Arabidopsis3.125,rice3.126,Arabidopsis3.126,Arabidopsis3.127,Sorghum3.128,sorghum3.131,maize3.131,S.bicolor3.132,maize3.133,Z.mays3.134,Arabidopsis3.134,Arabidopsis3.135,sorghum3.137,Arabidopsis3.137,sorghum3.138,maize3.138,Arabidopsis3.138,maize3.139,sorghum3.141,maize3.141,Arabidopsis3.141,sorghum3.142,maize3.142,Arabidopsis3.143,poaceae3.145,poaceae3.151,Oryza3.152,Oryza3.153,Oryzasativa3.153,sorghum3.154,maize3.154,Arabidopsis3.154,Oryza3.155,Oryzapunctata3.155,maize3.155,sorghum3.156,maize3.156,Arabidopsis3.156,sorghum3.157,Oryza3.157,Oryzasativa3.157,maize3.157,Arabidopsis3.157,maize3.158,sorghum3.160,Arabidopsis3.160,maize3.160,sorghum3.161,Oryza3.161,Oryzasativa3.161,sorghum3.162,maize3.162,sorghum3.163,sorghum3.167,maize3.167,Arabidopsis3.167,Oryza3.171,Oryzapunctata3.171,Oryzabrachyantha3.171,Oryza3.172,Oryzasativa3.172,Oryza3.174,sorghum3.175,maize3.175,Arabidopsis3.175,sorghum3.181,maize3.181,Arabidopsis3.181,rice3.185,Oryza3.186,sorghum3.188,maize3.188,Arabidopsis3.188,sorghum3.191,maize3.191,Arabidopsis3.191,sorghum3.196,Arabidopsis3.196,Sorghum3.198,maize3.198,Maize3.198,Arabidopsis3.198,Arabidopsis3.199,Maize3.199,Arabidopsis3.202,papaya3.202,monocots3.203,eudicots3.203,Arabidopsis3.203,Oryza3.204,poaceae3.204,sorghum3.208,maize3.208,rice3.208,maize3.209,maize3.210,grass3.211,wheat3.211,rice3.213,sorghum3.213,maize3.213,Arabidopsis3.213,Oryza3.214,rice3.222,Arabidopsis3.222,flag3.228,rice3.229,Arabidopsis3.230,poaceae3.230,Oryza3.234,Oryza3.236,Oryza3.241,wildrice3.243,rice3.243,Oryza3.246,sorghum3.246,maize3.246,Arabidopsis3.246,rice3.247,Oryza3.247,sorghum3.248,maize3.248,Arabidopsis3.248,rice3.250, micro-RNA1.1,micro-RNA2.1,MIRNA2.6,MIRNAs3.1,MIRNAs3.2,MIRNAs3.3,miRNAs3.4,MIRNA3.5,MIRNA3.8,MIRNA3.9,miRNA3.12,small-RNA3.12,MIRNA3.35,MIRNA3.39,MIRNAs3.46,MIRNA3.50,MIRNAs3.59,MIRNA3.64,MIRNA3.65,MIRNA3.66,MIRNA3.68,MIRNAs3.71,MIRNAs3.72,MIRNA3.79,MIRNA3.145,MIRNA3.152,MIRNA3.167,MIRNA3.201,MIRNAs3.201,MIRNA3.209,MIRNA3.210,MIRNA3.212,MIRNA3.214,MIRNA3.215,MIRNA3.216,MIRNA3.217,miRNA3.217,miRNAs3.217,MIRNA3.218,MIRNAs3.220,MIRNA3.223,MIRNAs3.224,MIRNA3.226,MIRNA3.246,MIRNA3.247,MIRNA3.250,
PMC5324284, unknown, True, True, True, True, maize1.1,rice1.1,plants2.1,Oryza2.4,Oryzasativa2.4,Zea2.4,Zeamays2.4,maize2.5,rice2.5,dicots3.11,maize3.13,rice3.13,plants3.14,Arabidopsis3.18,Zea3.24,Zeamays3.24,Oryza3.24,Oryzasativa3.24,maize3.27,rice3.27,maize3.30,rice3.30,maize3.33,rice3.33,maize3.36,rice3.36,maize3.39,rice3.39,maize3.40,rice3.40,plants3.41,rice3.44,maize3.44,maize3.45,rice3.45,Arabidopsis3.47,Arabidopsisthaliana3.47,O.sativa3.47,Populus3.47,Populustrichocarpa3.47,Triticum3.47,Triticumaestivum3.47,Vitis3.47,Vitisvinifera3.47,Z.mays3.47,maize3.48,rice3.48,maize3.51,rice3.51,maize3.52,maize3.53,maize3.54,rice3.55,maize3.57,rice3.58,maize3.62,rice3.62,rice3.63,maize3.65,rice3.65,maize3.68,rice3.69,maize3.70,rice3.70,maize3.71,rice3.71,rice3.72,maize3.72,plants3.73,maize3.74,rice3.74,maize3.75,rice3.75,maize3.77,rice3.77,maize3.81,rice3.81,maize3.86,rice3.86,maize3.87,rice3.87,rice3.88,maize3.88,maize3.89,rice3.89,maize3.90,rice3.90,maize3.91,rice3.91,maize3.92,rice3.92,COTYLEDON3.93,maize3.93,rice3.93,maize3.96,rice3.96,rice3.99,maize3.99,rice3.101,maize3.101,maize3.104,maize3.105,rice3.105,rice3.106,maize3.107,rice3.107,Z.mays3.108,maize3.108,Beta3.108,O.sativa3.108,rice3.108,maize3.109,rice3.109,Arabidopsis3.110,maize3.111,rice3.111,maize3.112,rice3.113,maize3.115,rice3.115,Beta3.116,maize3.116,maize3.117,rice3.118,maize3.118,O.sativa3.121,maize3.130,maize3.131,rice3.133,maize3.141,rice3.141,plants3.144,maize3.145,rice3.145,maize3.146,rice3.146,maize3.149,rice3.149,maize3.150,rice3.150,maize3.152,rice3.152,maize3.153,rice3.153,rice3.155,maize3.155,maize3.156,rice3.156,maize3.157,rice3.157,maize3.158,rice3.158,rice3.159,maize3.159,maize3.160,rice3.161,rice3.163,maize3.164,rice3.164,rice3.165,maize3.165,maize3.166,rice3.166,maize3.167,rice3.167,rice3.168,maize3.168,maize3.169,maize3.170,rice3.170,maize3.171,rice3.171,Arabidopsis3.173,maize3.174,rice3.174,maize3.175,rice3.175,maize3.176,rice3.176,maize3.186,rice3.186,maize3.187,maize3.188,rice3.188,Beta3.189,maize3.189,maize3.190,maize3.197,rice3.197,maize3.200,rice3.200,maize3.202,rice3.202,maize3.203,rice3.203,rice3.205,maize3.205,Zea3.209,Zeamays3.209,O.sativa3.209,maize3.224,rice3.224,rice3.230,Maize3.230,Z.mays3.236,O.sativa3.236,Setaria3.236,Setariaitalica3.236,plants3.242,O.sativa3.243, microRNA1.1,miRNAs2.1,miRNA2.2,miRNA2.4,miRNAs2.4,miRNAs2.5,miRNAs2.6,miRNAs2.9,miRNAs2.10,miRNA2.11,miRNAs2.11,miRNAs3.2,miRNA3.3,miRNAs3.4,miRNAs3.5,miRNA3.6,miRNA3.7,miRNAs3.8,miRNAs3.9,miRNAs3.10,miRNA3.10,miRNA3.11,miRNAs3.12,miRNA3.12,miRNA3.13,miRNAs3.13,miRNAs3.14,miRNAs3.15,miRNAs3.18,miRNA3.18,miRNAs3.19,miRNAs3.20,miRNAs3.23,miRNAs3.24,miRNAs3.25,miRNAs3.26,miRNA3.27,miRNAs3.28,miRNAs3.29,smallRNA3.30,smallRNA3.34,smallRNAs3.35,miRNAs3.40,miRNAs3.44,miRNAs3.45,miRNAs3.46,miRNAs3.47,miRNAs3.48,miRNA3.48,miRNAs3.49,miRNA3.50,miRNAs3.51,miRNAs3.52,miRNAs3.53,miRNAs3.54,miRNAs3.55,miRNAs3.57,miRNAs3.58,miRNA3.61,miRNAs3.62,miRNAs3.63,miRNAs3.64,miRNAs3.65,miRNA3.65,miRNAs3.67,miRNA3.68,miRNAs3.69,miRNA3.70,miRNA3.71,miRNAs3.72,miRNA3.72,miRNA3.73,miRNAs3.73,miRNA3.74,miRNA3.75,miRNAs3.76,miRNA3.77,miRNA3.79,miRNAs3.80,miRNA3.80,miRNA3.81,miRNA3.82,miRNA3.83,miRNAs3.86,miRNA3.87,miRNA3.93,miRNAs3.93,miRNA3.94,miRNAs3.96,miRNAs3.97,miRNAs3.98,miRNA3.99,miRNAs3.100,miRNA3.100,miRNAs3.102,miRNAs3.103,miRNA3.103,miRNAs3.104,miRNAs3.106,miRNA3.106,miRNAs3.108,miRNA3.108,miRNAs3.109,miRNA3.113,miRNAs3.120,miRNA3.121,miRNAs3.121,miRNA3.125,miRNA3.128,miRNA3.129,miRNAs3.132,miRNA3.134,miRNA3.135,miRNA3.138,miRNAs3.142,miRNA3.143,miRNAs3.144,miRNAs3.145,miRNA3.146,miRNA3.149,miRNA3.150,miRNA3.151,miRNA3.152,miRNA3.153,miRNA3.154,miRNAs3.155,miRNAs3.156,miRNA3.156,miRNA3.157,miRNAs3.158,miRNA3.158,miRNA3.159,miRNAs3.160,smallRNAs3.161,miRNAs3.163,miRNAs3.164,miRNA3.165,miRNAs3.166,miRNAs3.167,miRNAs3.168,miRNAs3.169,miRNAs3.170,miRNA3.171,miRNA3.173,miRNAs3.174,miRNA3.174,miRNA3.176,miRNA3.178,miRNAs3.180,miRNA3.180,miRNAs3.181,miRNA3.182,miRNAs3.182,miRNAs3.183,miRNAs3.184,miRNAs3.185,miRNAs3.191,miRNA3.192,miRNAs3.193,miRNAs3.194,miRNA3.197,miRNA3.199,miRNAs3.200,miRNA3.201,miRNAs3.202,miRNA3.203,miRNAs3.204,miRNA3.205,miRNAs3.206,miRNA3.206,miRNAs3.207,miRNA3.208,miRNA3.209,SmallRNA3.215,miRNA3.216,miRNAs3.218,miRNAs3.221,smallRNAs3.223,miRNA3.224,miRNAs3.225,miRNA3.226,miRNAs3.227,miRNAs3.228,miRNAs3.233,miRNA3.234,miRNAs3.234,miRNA3.235,miRNA3.237,miRNA3.238,miRNAs3.238,miRNA3.243,miRNAs3.244,
PMC9290239, unknown, True, True, True, True, rice1.1,Oryza2.1,Oryzasativa2.1,rice2.5,rice2.6,plants2.6,rice2.7,rice2.8,Osa2.9,Oryza3.3,Oryzasativa3.3,rice3.5,plants3.5,Plants3.6,plants3.7,plants3.12,rice3.14,rice3.18,rice3.29,rice3.30,rice3.33,rice3.38,Osa3.38,Teosinte3.38,rice3.42,rice3.45,Osa3.54,rice3.54,Osa3.55,rice3.57,plants3.57,Osa3.57,Osa3.59,Osa3.60,rice3.61,Osa3.61,plants3.62,Osa3.62,Osa3.63,plants3.64,rice3.66,Osa3.66,Plants3.67,Osa3.68,Osa3.70,rice3.71,Osa3.72,Osa3.74,Osa3.78,rice3.78,plants3.79,Osa3.79,Osa3.80,rice3.80,rice3.81,rice3.83,Osa3.83,Osa3.84,Osa3.85,Osa3.86,Osa3.87,Osa3.88,rice3.88,rice3.89,plants3.89,Osa3.89,Osa3.90,Osa3.93,Osa3.94,Osa3.95,rice3.95,Osa3.96,Osa3.98,rice3.98,Osa3.99,Osa3.100,Osa3.101,rice3.101,Osa3.102,Osa3.103,rice3.104,Osa3.104,Osa3.105,Osa3.106,rice3.106,Osa3.107,Osa3.108,Osa3.109,Osa3.110,rice3.110,Osa3.111,Osa3.112,Osa3.113,Osa3.114,Osa3.117,Osa3.118,Osa3.119,rice3.119,Osa3.120,plants3.123,Osa3.123,Osa3.125,rice3.125,Osa3.127,plants3.128,Osa3.129,Osa3.130,rice3.130,plants3.131,rice3.131,Plants3.132,plants3.137,rice3.138,Osa3.138,rice3.139,Osa3.139,Osa3.142,Osa3.143,Osa3.144,Osa3.145,plants3.146,Osa3.146,rice3.146,plants3.148,Osa3.149,rice3.149,plants3.150,Osa3.150,TEOSINTE3.150,rice3.152,Osa3.155,Osa3.156,Osa3.157,Osa3.158,Osa3.159,rice3.160,Plants3.165,Arabidopsis3.175,tobacco3.177,Solanaceae3.177,tomato3.178,Brassica3.179,rice3.180,Osa3.180,rice3.183,rice3.185,poplar3.186,cotton3.186,Arabidopsis3.186,citrus3.186,rice3.188,Medicago3.190,Medicagotruncatula3.190,legumes3.191,rice3.192,rice3.195,rice3.197,plants3.197,Osa3.200,Osa3.201,Osa3.202,Osa3.203,Osa3.204,Osa3.205,rice3.207,Osa3.207,Osa3.208,Osa3.209,Osa3.210,Osa3.211,Osa3.212,Osa3.215,Osa3.216,Osa3.217,Osa3.218,rice3.221,Osa3.222,rice3.222,Osa3.223,Osa3.225,Osa3.226,Osa3.228,rice3.229,rice3.233,Osa3.233,Osa3.234,Osa3.235,creepingbentgrass3.236,bentgrass3.236,Osa3.236,rice3.237,Osa3.237,Osa3.238,rice3.239,Osa3.239,Osa3.240,Osa3.241,Osa3.242,Osa3.243,Osa3.244,Osa3.245,rice3.245,Osa3.246,Osa3.247,rice3.247,Osa3.248,Osa3.249,Osa3.250,Osa3.251,rice3.251,rice3.273,Osa3.274,Osa3.275,Osa3.276,rice3.276,Osa3.277,Osa3.278,Osa3.279,Osa3.280,rice3.280,rice3.283,plants3.287, MicroRNA1.1,miRNAs2.4,MicroRNAs2.4,miRNAs2.5,miRNAs2.6,miRNAs2.8,miRNAs2.9,miRNAs2.10,miRNAs2.11,miRNA2.11,microRNAs3.18,miRNAs3.18,miRNAs3.19,MicroRNAs3.19,microRNAs3.21,miRNAs3.22,miRNA3.22,miRNAs3.23,miRNA3.23,miRNA3.24,miRNA3.25,miRNA3.26,miRNA3.27,miRNAs3.28,miRNAs3.29,miRNAs3.30,miRNA3.31,miRNAs3.32,miRNA3.33,miRNAs3.34,miRNAs3.35,miRNAs3.36,miRNAs3.38,miRNAs3.45,miRNAs3.46,miRNAs3.47,miRNAs3.48,miRNAs3.52,miRNAs3.54,miRNA3.64,miRNA3.66,miRNAs3.81,miRNAs3.114,MicroRNAs3.114,miRNAs3.116,miRNAs3.117,miRNA3.131,MicroRNAs3.131,MicroRNAs3.137,MicroRNAs3.150,miRNAs3.151,miRNAs3.152,miRNAs3.153,miRNA3.154,miRNAs3.154,miRNA3.158,MicroRNA3.160,miRNAs3.163,miRNAs3.165,miRNA3.166,miRNA3.167,miRNAs3.168,miRNA3.169,miRNAs3.169,miRNA3.170,miRNAs3.171,miRNA3.171,miRNA3.172,miRNAs3.176,miRNAs3.180,miRNA3.181,miRNAs3.190,miRNAs3.191,MicroRNAs3.192,miRNAs3.197,miRNAs3.198,miRNAs3.199,miRNA3.201,miRNAs3.218,MicroRNAs3.219,miRNA3.220,miRNAs3.221,microRNAs3.226,miRNAs3.244,miRNAs3.251,miRNAs3.252,miRNA3.253,miRNA3.254,miRNAs3.255,miRNA3.256,miRNA3.257,miRNA3.259,miRNA3.260,miRNA3.263,miRNAs3.263,miRNAs3.264,miRNA3.265,miRNAs3.273,miRNA3.276,miRNA3.280,MicroRNA3.281,miRNAs3.282,miRNAs3.283,miRNAs3.284,miRNAs3.285,miRNA3.285,miRNAs3.286,miRNA3.287,miRNAs3.288,miRNA3.289,miRNAs3.290,
PMC9656352, unknown, True, True, True, True, Oryza2.3,Oryzasativa2.3,rice2.4,Oryza2.5,Oryza2.6,Sorghum2.6,maize2.6,wheat2.6,Arabidopsis2.6,Oryza2.7,plants2.9,Oryza2.9,Zea3.2,rice3.2,O.sativa3.2,wheat3.2,Triticumaestivum3.2,Triticum3.2,Sorghum3.2,Sorghumbicolor3.2,Maize3.2,rice3.3,Oryza3.4,O.sativa3.4,Oryzaglaberrima3.4,rice3.5,grass3.6,rice3.6,grasses3.6,plants3.7,plants3.10,rice3.10,wheat3.15,rice3.18,Musa3.19,banana3.19,wheat3.21,Arabidopsis3.23,wheat3.24,plants3.29,Oryza3.30,poaceae3.31,poaceae3.32,rice3.33,O.sativa3.34,S.bicolor3.34,Triticum3.34,Triticumaestivum3.34,Arabidopsis3.34,grasses3.35,O.sativa3.37,S.bicolor3.37,T.aestivum3.37,A.thaliana3.37,Oryza3.38,Oryzasativa3.38,O.glaberrima3.38,O.rufipogon3.38,O.barthii3.38,O.punctata3.38,O.brachyantha3.38,S.bicolor3.39,T.aestivum3.39,A.thaliana3.39,Oryza3.41,Oryza3.42,S.bicolor3.42,T.aestivum3.42,A.thaliana3.42,poaceae3.45,Oryza3.46,Oryzasativa3.46,O.glaberrima3.46,O.rufipogon3.46,O.barthii3.46,O.punctata3.46,O.brachyantha3.46,S.bicolor3.46,T.aestivum3.46,A.thaliana3.46,rice3.48,Oryzasativa3.48,Oryza3.48,wheat3.48,maize3.48,Sorghum3.48,Oryza3.53,rice3.59,poaceae3.59,O.sativa3.60,O.glaberrima3.60,O.rufipogon3.60,O.glumaepatula3.60,O.barthii3.60,O.punctata3.60,O.brachyantha3.60,S.bicolor3.60,Z.mays3.60,T.aestivum3.60,A.thaliana3.60,Oryza3.61,sorghum3.61,maize3.61,wheat3.61,Arabidopsis3.61,flag3.64,Oryza3.64,S.bicolor3.64,Z.mays3.64,T.aestivum3.64,A.thaliana3.64,Oryza3.80,Monocots3.80,O.sativa3.82,Oryza3.83,Oryzasativa3.83,rice3.83,O.barthii3.83,O.brachyantha3.83,O.glaberrima3.83,O.rufipogon3.83,O.punctata3.83,Z.mays3.84,Arabidopsis3.84,S.bicolor3.85,Sorghum3.85,T.aestivum3.85,Oryza3.85,Oryzasativa3.85,Arabidopsis3.85,Z.mays3.85,plants3.87,poaceae3.87,O.sativa3.88,Arabidopsis3.89,Z.mays3.89,T.aestivum3.89,poaceae3.89,wheat3.91,Oryza3.92,Oryza3.93,Sorghum3.93,maize3.93,wheat3.93,Arabidopsis3.93,poaceae3.93,Arabidopsis3.94,maize3.94,wheat3.95,poaceae3.96,Arabidopsis3.97,O.rufipogon3.98,rice3.98,Sorghum3.99,Z.mays3.100,T.aestivum3.101,Arabidopsis3.102,rice3.103,Sorghum3.103,maize3.103,wheat3.103,Arabidopsis3.103,Z.mays3.104,Sorghum3.105,wheat3.106,Arabidopsis3.107,Sorghum3.108,Arabidopsis3.109,poaceae3.110,poaceae3.112,poaceae3.116,Oryza3.117,O.sativa3.118,Oryza3.118,Z.mays3.118,S.bicolor3.118,T.aestivum3.118,Arabidopsis3.118,O.sativa3.119,O.sativa3.120,O.rufipogon3.120,S.bicolor3.120,Z.mays3.120,T.aestivum3.120,Arabidopsis3.120,T.aestivum3.121,S.bicolor3.121,O.sativa3.121,O.sativa3.123,O.rufipogon3.123,O.brachyantha3.123,S.bicolor3.123,Z.mays3.123,T.aestivum3.123,O.sativa3.124,Arabidopsis3.124,T.aestivum3.125,O.punctata3.125,plants3.125,O.sativa3.126,O.sativa3.127,O.rufipogon3.127,O.brachyantha3.127,O.punctata3.127,S.bicolor3.127,Z.mays3.127,T.aestivum3.127,O.sativa3.128,Arabidopsis3.128,T.aestivum3.129,Z.mays3.129,O.sativa3.134,O.sativa3.138,O.sativa3.140,rice3.140,O.sativa3.141,Beta3.141,O.punctata3.141,O.rufipogon3.141,O.barthii3.141,O.brachyantha3.141,Oryza3.142,O.brachyantha3.142,O.sativa3.143,O.punctata3.143,O.rufipogon3.143,O.barthii3.143,Oryza3.144,O.brachyantha3.144,O.punctata3.144,O.barthii3.144,O.sativa3.145,O.rufipogon3.145,O.barthii3.145,O.glaberrima3.145,O.sativa3.146,O.rufipogon3.146,O.barthii3.146,O.glaberrima3.146,O.rufipogon3.147,O.glaberrima3.147,O.sativa3.148,poaceae3.148,S.bicolor3.149,Z.mays3.149,T.aestivum3.149,O.sativa3.149,Oryza3.150,O.sativa3.150,O.punctata3.150,O.rufipogon3.150,O.barthii3.150,O.glaberrima3.150,O.brachyantha3.150,Sorghum3.150,Z.mays3.150,Triticum3.150,Arabidopsis3.150,poaceae3.150,O.sativa3.151,Oryza3.151,O.brachyantha3.151,Oryza3.152,O.brachyantha3.152,Oryza3.153,O.brachyantha3.153,O.rufipogon3.153,O.sativa3.154,S.bicolor3.154,Z.mays3.154,T.aestivum3.154,Arabidopsis3.154,Oryza3.155,O.sativa3.155,O.rufipogon3.155,O.barthii3.155,O.glaberrima3.155,O.brachyantha3.155,O.punctata3.155,O.sativa3.156,Oryza3.156,O.rufipogon3.156,O.barthii3.156,O.glaberrima3.156,O.rufipogon3.157,O.barthii3.157,O.glaberrima3.157,O.sativa3.158,S.bicolor3.158,Z.mays3.158,T.aestivum3.158,Arabidopsis3.158,O.sativa3.159,S.bicolor3.159,Z.mays3.159,T.aestivum3.159,poaceae3.159,Arabidopsis3.160,Oryza3.162,Oryza3.163,Z.mays3.163,Zeamays3.163,S.bicolor3.163,T.aestivum3.163,Zea3.163,poaceae3.164,Oryza3.165,Sorghum3.165,Triticum3.165,Z.mays3.165,Arabidopsis3.165,Z.mays3.166,poaceae3.166,poaceae3.167,flag3.168,flag3.169,rice3.170,poaceae3.170,Oryza3.178,Z.mays3.178,S.bicolor3.178,T.aestivum3.178,grasses3.178,poaceae3.178,plants3.178,O.sativa3.180,rice3.180,Oryza3.180,Oryzaglaberrima3.180,O.rufipogon3.180,O.punctata3.180,O.barthii3.180,O.brachyantha3.180,Z.mays3.180,S.bicolor3.180,T.aestivum3.180,Arabidopsis3.180,poaceae3.180,Oryza3.181,rice3.182,poaceae3.183,plants3.184,Oryza3.185,Arabidopsis3.188,Arabidopsis3.198,eudicots3.198,monocots3.198,rice3.198,maize3.198,sorghum3.198,sorghum3.199,maize3.199,wheat3.199,rice3.199,barley3.199,wheat3.200,grass3.200,wheat3.201,Oryza3.202,Sorghum3.202,Z.mays3.202,T.aestivum3.202,Arabidopsis3.202,poaceae3.209,rice3.212,Arabidopsis3.212,poaceae3.216,flag3.217,rice3.218,poaceae3.218,rice3.220,plants3.221,Z.mays3.222,S.bicolor3.222,T.aestivum3.222,S.bicolor3.224,Z.mays3.224,T.aestivum3.224,Oryza3.225,Brachypodium3.225,Brachypodiumdistachyon3.225,Sorghum3.225,Z.mays3.225,Oryza3.226,Sorghum3.227,rice3.227,grasses3.228,O.sativa3.228,S.bicolor3.228,rice3.229,grass3.229,maize3.229,grass3.230,Oryza3.231,Oryza3.237,Z.mays3.237,S.bicolor3.237,T.aestivum3.237,Arabidopsis3.237,O.brachyantha3.237,O.brachyantha3.238,O.punctata3.238,Oryza3.239,O.brachyantha3.241,Oryza3.241,O.punctata3.243,Oryza3.245,O.brachyantha3.247,O.punctata3.247,poaceae3.249,Sorghum3.250,Z.mays3.250,Triticum3.250,Oryza3.250,Arabidopsis3.251,monocots3.251,Z.mays3.252,maize3.252,Arabidopsis3.252,eudicots3.252,Oryza3.256,Sorghum3.256,Z.mays3.256,T.aestivum3.256,Arabidopsis3.256,rice3.258, SmallRNAs1.1,MIRNAs2.1,MIRNA2.2,MIRNA2.4,MIRNAs2.6,MIRNAs2.8,miRNA2.9,Micro-RNAs3.6,micro-RNAs3.7,MIRNAs3.7,MIRNAs3.8,MIRNA3.9,MIRNAs3.9,MIRNA3.19,MIRNA3.31,MIRNAs3.33,MIRNA3.38,MIRNA3.39,MIRNA3.42,MIRNA3.45,MIRNAs3.50,MIRNA3.53,MIRNA3.59,miRNA3.64,miRNA3.65,miRNA3.66,miRNA3.69,MIRNAs3.72,MIRNA3.87,MIRNA3.88,MIRNA3.97,MIRNA3.110,MIRNA3.111,miRNAs3.111,MIRNAs3.112,MIRNA3.117,MIRNA3.134,MIRNA3.139,MIRNA3.160,MIRNA3.180,MIRNAs3.182,MIRNAs3.183,smallRNAs3.184,MIRNA3.185,MIRNAs3.185,MIRNA3.189,MIRNAs3.190,MIRNA3.191,MIRNA3.192,MIRNA3.193,miRNA3.194,miRNAs3.194,MIRNAs3.194,MIRNA3.195,MIRNAs3.197,MIRNA3.198,MIRNAs3.198,MIRNA3.203,MIRNAs3.203,MIRNA3.204,MIRNAs3.205,MIRNA3.206,MIRNAs3.209,MIRNAs3.210,MIRNA3.213,MIRNA3.214,MIRNAs3.215,MIRNAs3.217,MIRNA3.233,MIRNA3.235,MIRNAs3.248,
PMC7946924, unknown, False, False, False, False,
PMC7662745, unknown, True, True, True, True, rice2.2,rice2.3,rice2.4,Osa2.5,rice2.5,rice2.6,Osa2.7,Oryza2.7,Oryzarufipogon2.7,O.alta2.7,O.latifolia2.7,O.minuta2.7,wildrice2.7,rice2.7,O.officinalis2.7,rice2.8,rice3.2,rice3.3,rice3.4,rice3.5,flag3.6,rice3.7,plants3.12,rice3.13,M.grisea3.14,rice3.15,M.grisea3.15,rice3.16,M.grisea3.17,rice3.17,rice3.18,rice3.20,rice3.21,rice3.23,rice3.24,rice3.25,rice3.26,Oryzasativa3.26,Oryza3.26,rice3.28,rice3.30,rice3.33,O.rufipogon3.33,O.officinalis3.33,O.alta3.33,O.latifolia3.33,O.minuta3.33,O.punctata3.33,O.glaberrima3.33,Wildrice3.33,rice3.34,rice3.36,rice3.41,Osa3.43,Osa3.44,rice3.53,Osa3.59,Osa3.61,Osa3.62,Osa3.65,Osa3.66,Osa3.67,Osa3.68,Osa3.71,Osa3.72,rice3.72,Osa3.73,Osa3.75,Osa3.77,Osa3.78,Osa3.80,Osa3.81,Osa3.82,Osa3.83,O.sativa3.84,O.rufipogon3.84,O.officinalis3.84,O.alta3.84,O.latifolia3.84,O.minuta3.84,O.punctata3.84,O.glaberrima3.84,Oryza3.84,Oryza3.85,O.rufipogon3.86,O.officinalis3.86,O.alta3.86,O.latifolia3.86,O.minuta3.86,O.punctata3.86,O.glaberrima3.86,Osa3.87,Osa3.90,O.rufipogon3.90,O.alta3.90,O.latifolia3.90,O.minuta3.90,Osa3.91,wildrice3.91,rice3.91,O.officinalis3.91,O.rufipogon3.92,O.alta3.92,O.latifolia3.92,Osa3.92,O.officinalis3.93,O.punctata3.94,Osa3.94,Osa3.95,O.alta3.95,O.latifolia3.95,O.minuta3.95,O.punctata3.95,O.officinalis3.95,rice3.96,Osa3.100,rice3.101,rice3.105,rice3.106,japonicarice3.106,rice3.107,rice3.108,wildrice3.111,rice3.111,Osa3.112,rice3.112,Osa3.113,rice3.113,Osa3.114,Osa3.115,rice3.115,Osa3.116,rice3.116,Osa3.117,rice3.117,Osa3.118,rice3.118,Osa3.119,rice3.119,rice3.120,Osa3.121,rice3.122,Osa3.123,rice3.123,Osa3.124,rice3.124,Osa3.125,rice3.126,Osa3.127,rice3.127,maize3.127,plants3.128,rice3.129,rice3.130,rice3.131,rice3.132,rice3.133,rice3.134,Osa3.135,plants3.136,Osa3.136,rice3.136,Osa3.139,Osa3.140,Osa3.142,Osa3.143,rice3.143,plants3.146,rice3.147,Osa3.148,Osa3.150,rice3.150,rice3.151,rice3.153,rice3.161,Osa3.162,rice3.163,Osa3.165,rice3.165,Osa3.167,rice3.171,Africanrice3.171,O.glaberrima3.171,wildrice3.172,rice3.172,rice3.174,Oryza3.175,O.rufipogon3.176,O.alta3.176,O.latifolia3.176,rice3.177,O.rufipogon3.178,O.alta3.178,O.latifolia3.178,O.minuta3.178,Osa3.178,Osa3.179,wildrice3.179,rice3.179,O.glaberrima3.179,rice3.180,Osa3.181,rice3.181,rice3.182,rice3.185,pot3.186,Plants3.189,plants3.191,plants3.192,plants3.193,plants3.195,wildrice3.196,rice3.196,O.rufipogon3.196,O.officinalis3.196,O.alta3.196,O.latifolia3.196,O.minuta3.196,O.punctata3.196,Africanrice3.196,O.glaberrima3.196,plants3.197,wildrice3.197,rice3.197,rice3.206,O.sativa3.206,rice3.234,wildrice3.234,Osa3.234,rice3.235, MicroRNAs1.1,MicroRNAs2.1,miRNAs2.2,miRNAs2.3,miRNAs2.4,miRNAs2.6,miRNAs2.8,SmallRNAs3.9,MicroRNAs3.10,miRNAs3.12,miRNAs3.13,miRNAs3.15,miRNA3.16,miRNAs3.17,miRNAs3.18,miRNAs3.19,miRNAs3.22,miRNAs3.23,miRNAs3.24,miRNAs3.25,miRNAs3.26,smallRNAs3.28,miRNAs3.28,miRNAs3.29,miRNAs3.30,miRNAs3.31,miRNAs3.32,miRNAs3.33,miRNAs3.34,microRNAs3.36,smallRNA3.36,smallRNA3.37,miRNAs3.38,smallRNAs3.41,miRNAs3.41,miRNAs3.42,miRNA3.43,smallRNA3.43,miRNAs3.45,smallRNA3.45,miRNA3.46,miRNA3.47,miRNA3.48,miRNAs3.49,smallRNA3.49,miRNA3.50,miRNAs3.50,miRNAs3.51,miRNAs3.52,miRNAs3.53,miRNAs3.54,miRNAs3.55,miRNAs3.56,miRNAs3.57,miRNAs3.58,miRNA3.59,miRNAs3.60,miRNA3.61,miRNAs3.62,miRNAs3.63,miRNAs3.64,miRNAs3.65,miRNAs3.66,miRNAs3.68,miRNAs3.69,miRNAs3.70,miRNAs3.74,miRNAs3.79,miRNAs3.80,miRNAs3.81,miRNAs3.84,miRNAs3.87,miRNAs3.88,miRNAs3.89,miRNAs3.92,miRNAs3.93,miRNAs3.94,miRNAs3.96,miRNAs3.97,miRNAs3.98,miRNAs3.99,miRNAs3.100,MicroRNAs3.103,miRNAs3.104,miRNAs3.105,miRNAs3.106,miRNAs3.107,miRNAs3.108,miRNAs3.109,miRNAs3.110,miRNAs3.111,miRNAs3.112,miRNA3.118,miRNA3.119,miRNA3.120,miRNAs3.121,miRNAs3.122,miRNAs3.129,miRNAs3.130,miRNA3.131,miRNAs3.131,miRNAs3.132,miRNAs3.133,miRNAs3.134,miRNA3.137,miRNAs3.139,miRNA3.141,miRNA3.149,MicroRNAs3.156,miRNAs3.157,miRNAs3.158,miRNAs3.159,miRNAs3.160,miRNAs3.161,miRNAs3.162,miRNAs3.163,miRNAs3.164,miRNAs3.165,miRNAs3.166,miRNAs3.167,miRNAs3.168,miRNAs3.169,miRNAs3.171,miRNAs3.172,miRNAs3.174,miRNAs3.175,miRNAs3.176,miRNA3.180,miRNAs3.182,miRNA3.182,miRNA3.183,miRNAs3.193,miRNAs3.194,miRNA3.197,SmallRNA3.198,smallRNA3.200,SmallRNA3.200,miRNA3.204,miRNAs3.207,miRNAs3.208,miRNA3.208,miRNA3.209,miRNAs3.211,miRNA3.212,miRNAs3.213,miRNA3.213,miRNAs3.214,miRNAs3.217,miRNA3.220,smallRNA3.221,miRNA3.221,smallRNAs3.222,miRNAs3.228,smallRNAs3.233,miRNAs3.234,
PMC10958043, unknown, False, False, False, False,
PMC10380806, unknown, True, True, True, True, rice2.1,rice2.3,rice2.4,plants2.4,Osa2.7,Osa2.9,Cypress2.11,Cypress2.12,rice2.13,Oryza3.5,Oryzasativa3.5,rice3.6,rice3.7,rice3.9,rice3.13,rice3.18,rice3.19,plants3.20,Osa3.24,Osa3.25,rice3.28,Osa3.28,rice3.30,Osa3.31,Osa3.33,rice3.38,Cypress3.40,Cypress3.41,rice3.42,Cypress3.42,Cypress3.44,Cypress3.45,Cypress3.46,rice3.51,plants3.51,rice3.54,rice3.56,rice3.58,rice3.59,Osa3.63,Osa3.64,Osa3.66,Brachypodium3.69,Brachypodiumdistachyon3.69,rice3.70,Osa3.75,Osa3.78,rice3.78,Osa3.79,Cypress3.84,Osa3.86,Cypress3.88,Osa3.89,Cypress3.89,Osa3.90,Cypress3.90,Osa3.91,Osa3.92,Cypress3.94,Osa3.95,Cypress3.97,Osa3.98,Osa3.101,Cypress3.103,Cypress3.105,Cypress3.107,Osa3.108,Cypress3.108,Osa3.109,Osa3.110,Cypress3.110,Cypress3.111,Cypress3.112,Cypress3.113,Osa3.114,Cypress3.114,Osa3.116,Cypress3.116,Cypress3.118,Cypress3.120,Cypress3.122,Osa3.123,Cypress3.123,Osa3.128,Cypress3.128,Osa3.129,Osa3.130,Cypress3.130,Osa3.131,Cypress3.131,Osa3.132,Cypress3.132,rice3.133,plants3.135,rice3.135,rice3.139,Cypress3.139,rice3.141,rice3.143,rice3.144,rice3.145,Osa3.145,rice3.147,Osa3.148,Osa3.149,Osa3.150,Osa3.151,Osa3.153,maize3.154,cotton3.156,rice3.156,cowpea3.156,wheat3.156,Osa3.160,Osa3.161,rice3.162,wheat3.162,maize3.162,Osa3.163,Osa3.164,Osa3.165,rice3.166,Osa3.167,rice3.169,barley3.169,wheat3.169,Osa3.170,Cypress3.170,Osa3.172,rice3.174,wheat3.174,maize3.174,Arabidopsis3.174,Osa3.175,Osa3.178,Osa3.181,Cypress3.181,Osa3.183,Cypress3.183,plants3.185,Osa3.188,Cypress3.188,Osa3.189,Osa3.191,Cypress3.191,Cypress3.192,Osa3.193,Osa3.198,Cypress3.199,Cypress3.200,Osa3.201,Osa3.202,Osa3.203,Cypress3.203,Osa3.204,Osa3.205,Cypress3.205,Osa3.206,Cypress3.206,Osa3.207,Osa3.208,Osa3.210,Cypress3.210,Osa3.211,Osa3.212,Cypress3.212,Cypress3.213,Cypress3.214,Osa3.215,Cypress3.215,Osa3.216,Osa3.217,Cypress3.217,Cypress3.218,Cypress3.219,Cypress3.221,Cypress3.222,rice3.223,Cypress3.224,soybean3.229,maize3.231,rice3.234,rice3.236,Cypress3.236,pot3.240,plants3.243,rice3.247,rice3.260,rice3.261,Osa3.262,rice3.263,rice3.266,rice3.268,Cypress3.286,Osa3.294,rice3.299,Cypress3.302,Osa3.305,Cypress3.308,rice3.309, MicroRNA1.1,microRNAs2.2,miRNAs2.2,miRNAs2.3,miRNAs2.4,miRNA2.4,smallRNA2.5,miRNAs2.5,miRNAs2.6,miRNAs2.7,miRNA2.8,miRNAs2.9,miRNA2.12,miRNAs2.13,microRNAs3.19,miRNAs3.19,miRNA3.20,miRNAs3.21,miRNAs3.22,miRNAs3.23,miRNAs3.24,miRNAs3.27,miRNAs3.30,miRNA3.30,miRNAs3.32,miRNA3.33,miRNA3.34,miRNA3.35,miRNAs3.35,miRNAs3.36,miRNA3.51,smallRNAs3.51,miRNA3.56,miRNAs3.58,miRNAs3.59,miRNAs3.60,miRNAs3.61,miRNA3.62,MIRNA3.63,miRNAs3.63,miRNAs3.67,miRNAs3.69,miRNAs3.70,miRNAs3.71,miRNA3.71,miRNA3.73,miRNAs3.74,miRNAs3.75,miRNAs3.76,miRNA3.76,miRNA3.77,miRNA3.78,miRNAs3.78,miRNA3.79,miRNAs3.80,miRNA3.81,MicroRNA3.81,miRNAs3.82,miRNA3.82,miRNA3.83,miRNAs3.84,miRNAs3.85,miRNAs3.86,miRNAs3.87,miRNAs3.89,miRNAs3.90,miRNAs3.91,miRNAs3.92,miRNAs3.93,miRNAs3.94,miRNAs3.95,miRNAs3.97,miRNAs3.98,miRNAs3.99,miRNAs3.100,miRNA3.101,miRNAs3.102,miRNAs3.103,miRNA3.104,miRNAs3.105,miRNAs3.107,miRNA3.107,miRNAs3.108,miRNAs3.109,miRNA3.109,miRNA3.110,miRNAs3.112,miRNA3.113,miRNAs3.113,miRNA3.119,miRNA3.120,miRNAs3.122,miRNAs3.123,miRNA3.124,miRNAs3.126,miRNAs3.128,miRNAs3.138,miRNAs3.139,miRNA3.139,miRNAs3.140,miRNA3.140,miRNAs3.141,miRNAs3.142,smallRNA3.142,miRNA3.143,miRNAs3.143,miRNAs3.144,miRNA3.144,miRNAs3.145,miRNAs3.146,miRNAs3.147,miRNA3.147,miRNA3.153,miRNAs3.153,miRNAs3.155,miRNA3.156,miRNAs3.157,miRNA3.157,miRNA3.160,miRNAs3.161,miRNA3.168,miRNAs3.184,miRNAs3.185,miRNAs3.186,miRNA3.187,miRNAs3.187,MicroRNA3.188,miRNA3.219,miRNAs3.220,miRNAs3.221,miRNAs3.223,miRNA3.225,miRNA3.226,miRNA3.228,miRNA3.229,miRNA3.230,miRNA3.231,miRNA3.232,miRNA3.234,smallRNA3.244,SmallRNA3.255,SmallRNA3.258,miRNA3.261,miRNA3.263,miRNA3.265,miRNA3.266,miRNA3.267,MIRNAs3.268,MIRNA3.269,MIRNA3.270,MIRNAs3.270,miRNA3.271,MIRNA3.273,miRNA3.273,miRNA3.274,miRNAs3.275,MIRNAs3.275,miRNAs3.276,miRNAs3.277,miRNA3.278,MicroRNA3.278,miRNAs3.279,miRNA3.279,miRNA3.280,smallRNA3.281,miRNA3.281,miRNA3.282,miRNA3.283,miRNA3.284,miRNAs3.285,miRNAs3.286,miRNAs3.287,miRNA3.287,MIRNAs3.293,MIRNA3.295,miRNA3.299,miRNAs3.300,miRNA3.302,miRNA3.303,miRNAs3.303,miRNAs3.307,miRNA3.308,miRNA3.309,
PMC5658190, unknown, True, True, True, True, rice1.1,rice2.3,Oryzasativa2.3,Oryza2.3,Arabidopsis2.6,rice2.9,plants2.9,rice2.10,Nicotiana3.3,Nicotianabenthamiana3.3,rice3.3,Oryzasativa3.3,Oryza3.3,Tobacco3.3,Potato3.3,rice3.5,rice3.6,plants3.6,Arabidopsis3.7,rice3.9,plants3.9,Arabidopsis3.10,plants3.15,rice3.16,N.benthamiana3.22,rice3.25,rice3.30,plants3.30,rice3.31,rice3.32,plants3.32,rice3.33,plants3.34,rice3.34,rice3.35,plants3.35,rice3.40,plants3.40,rice3.42,plants3.42,plants3.43,rice3.44,plants3.44,rice3.45,rice3.50,rice3.51,rice3.52,rice3.55,rice3.56,rice3.57,plants3.57,plants3.58,rice3.59,plants3.59,rice3.60,plants3.60,plants3.65,dicots3.65,Arabidopsis3.65,Arabidopsis3.66,plants3.66,rice3.67,Arabidopsis3.67,plants3.67,Arabidopsis3.68,plants3.68,dicots3.69,monocots3.69,Arabidopsis3.73,plants3.74,dicots3.74,N.benthamiana3.74,N.benthamiana3.81,Arabidopsis3.84,N.benthamiana3.84,rice3.87,N.benthamiana3.99,rice3.106,N.benthamiana3.111,Arabidopsis3.119,plants3.119,N.benthamiana3.119,Arabidopsis3.122,plants3.122,Arabidopsis3.123,plants3.123,Arabidopsis3.124,plants3.124,rice3.127,rice3.128,plants3.128,plants3.130,rice3.132,plants3.133,rice3.134,plants3.134,plants3.137,plants3.138,plants3.139,plants3.142,N.benthamiana3.145,rice3.156,plants3.156,rice3.168,rice3.175,rice3.177,plants3.177,Arabidopsis3.178,rice3.182,Oryza3.183,Oryzasativa3.183,Arabidopsis3.185,Arabidopsisthaliana3.185,plants3.185,plants3.186,rice3.187,plants3.187,N.benthamiana3.188,Arabidopsis3.188,rice3.188,rice3.191,Arabidopsis3.192,plants3.192,plants3.193,rice3.197,flag3.216,tobacco3.220,laser3.220,rice3.223,Arabidopsis3.223,arabidopsis3.223,Arabidopsis3.224,plants3.224,Arabidopsis3.225,plants3.225,Arabidopsis3.226,plants3.226,Arabidopsis3.228,plants3.228,plants3.230,rice3.231,Arabidopsis3.231,Arabidopsis3.233,rice3.233,N.benthamiana3.241,rice3.244,plants3.244,rice3.249,plants3.249, miRNA1.1,miRNAs2.1,miRNA2.1,MicroRNAs2.1,miRNA2.2,miRNA2.3,miRNA2.4,miRNAs2.5,miRNA2.6,miRNAs2.7,miRNA2.8,miRNAs2.8,miRNA2.10,miRNAs3.1,smallRNAs3.1,miRNAs3.2,miRNAs3.8,miRNA3.9,miRNAs3.10,miRNAs3.11,miRNAs3.12,miRNA3.13,miRNA3.14,miRNA3.15,miRNAs3.15,miRNA3.24,miRNAs3.24,miRNAs3.25,miRNA3.26,miRNA3.28,miRNAs3.31,miRNAs3.33,miRNAs3.34,miRNAs3.35,miRNA3.40,miRNA3.42,miRNAs3.44,miRNA3.47,miRNA3.48,miRNAs3.49,miRNA3.50,smallRNAs3.51,miRNAs3.54,miRNA3.55,miRNAs3.55,miRNA3.56,smallRNA3.56,miRNA3.57,miRNAs3.59,miRNA3.60,miRNAs3.64,miRNAs3.65,miRNA3.69,miRNAs3.70,miRNA3.70,miRNAs3.71,miRNA3.71,miRNA3.72,miRNAs3.72,miRNA3.73,miRNA3.78,miRNA3.80,miRNAs3.81,miRNA3.82,miRNA3.83,miRNA3.86,miRNAs3.87,small-RNA3.87,miRNAs3.91,miRNA3.98,miRNA3.110,miRNAs3.110,miRNA3.117,miRNA3.119,miRNA3.120,miRNA3.123,miRNA3.127,smallRNA3.146,miRNAs3.146,miRNA3.147,miRNA3.148,miRNA3.150,miRNA3.155,miRNA3.156,miRNA3.157,miRNA3.158,miRNA3.159,miRNA3.161,miRNAs3.164,miRNA3.165,miRNA3.166,miRNAs3.167,miRNA3.167,miRNAs3.168,miRNAs3.169,miRNAs3.170,miRNA3.170,miRNAs3.171,miRNA3.172,miRNA3.173,miRNAs3.174,miRNAs3.175,miRNAs3.176,miRNAs3.177,miRNAs3.178,miRNAs3.179,miRNA3.180,miRNA3.181,miRNA3.182,miRNA3.189,miRNA3.194,SmallRNA3.216,miRNA3.217,microrna3.217,smallRNA3.218,miRNAs3.222,miRNA3.224,miRNA3.234,small-RNA3.234,miRNA3.242,miRNAs3.242,smallRNA3.243,miRNA3.247,
PMC5981461, unknown, True, True, True, True, rice1.1,Oryzasativa1.1,Oryza1.1,Oryza2.1,Oryzasativa2.1,rice2.2,plants2.3,rice2.5,rice2.6,rice2.7,plants3.2,plants3.3,plants3.5,plants3.6,Oryza3.11,Oryzasativa3.11,rice3.11,rice3.14,rice3.15,rice3.16,rice3.17,plants3.18,rice3.19,plants3.29,rice3.36,rice3.38,rice3.56,Oryza3.57,Oryzasativa3.57,rice3.60,rice3.61,rice3.65,rice3.68,rice3.72,rice3.73,rice3.74,rice3.77,rice3.82,rice3.84,rice3.85,flag3.86,rice3.86,rice3.87,flag3.89,rice3.90,flag3.91,rice3.92,rice3.93,rice3.95,rice3.96,rice3.97,rice3.100,rice3.105,rice3.106,rice3.107,rice3.108,tomato3.112,rice3.114,rice3.117,rice3.120,rice3.121,YUCCA3.123,rice3.125,rice3.129,rice3.130,rice3.131,rice3.132,rice3.133,flag3.134,rice3.134,rice3.138,flag3.138,rice3.139,rice3.141,flag3.148,rice3.149,rice3.150, miRNA1.1,miRNAs2.2,miRNAs2.3,miRNAs2.4,smallRNA2.5,miRNA2.5,miRNAs2.6,miRNA2.6,miRNAs3.1,miRNAs3.2,miRNA3.2,miRNAs3.3,microRNAs3.4,miRNAs3.4,miRNA3.4,miRNA3.5,miRNAs3.6,miRNA3.7,miRNAs3.8,miRNA3.8,miRNA3.9,miRNA3.10,miRNAs3.14,smallRNA3.14,miRNAs3.15,miRNA3.27,miRNA3.29,miRNAs3.30,miRNAs3.32,miRNA3.33,miRNAs3.36,miRNAs3.37,miRNAs3.38,miRNA3.39,miRNA3.42,smallRNA3.56,smallRNA3.60,miRNAs3.61,miRNAs3.66,miRNAs3.69,miRNAs3.70,miRNAs3.71,miRNAs3.73,miRNAs3.77,smallRNA3.77,miRNAs3.78,miRNAs3.80,miRNAs3.81,miRNA3.82,miRNAs3.83,miRNAs3.84,miRNA3.87,smallRNAs3.87,miRNAs3.93,miRNAs3.96,miRNAs3.97,miRNAs3.98,miRNAs3.100,miRNAs3.103,miRNA3.104,miRNA3.105,miRNAs3.106,miRNA3.107,miRNAs3.107,miRNAs3.108,smallRNA3.108,miRNAs3.114,miRNAs3.116,miRNA3.117,miRNAs3.120,miRNAs3.125,miRNAs3.128,smallRNA3.130,miRNA3.130,miRNAs3.130,miRNAs3.131,miRNA3.131,smallRNA3.136,miRNAs3.138,miRNA3.138,miRNAs3.139,miRNAs3.140,smallRNA3.141,miRNAs3.144,miRNA3.145,miRNAs3.145,miRNA3.146,miRNAs3.147,miRNAs3.148,miRNAs3.149,smallRNA3.149,miRNA3.150,miRNAs3.150,miRNAs3.151,miRNA3.152,miRNA3.153,miRNA3.156,miRNA3.158,
PMC6662109, unknown, True, True, True, True, rice1.1,Oryzasativa1.1,Oryza1.1,rice2.3,Oryzasativa2.3,Oryza2.3,plants2.7,rice2.8,plants2.9,plants2.12,plants3.3,Arabidopsis3.5,rice3.6,Oryzasativa3.6,Oryza3.6,Arabidopsis3.11,rice3.12,rice3.16,rice3.18,rice3.19,rice3.22,plants3.22,Plants3.25,rice3.29,rice3.30,rice3.35,plants3.36,rice3.38,rose3.41,plants3.46,plants3.50,plants3.51,plants3.52,plants3.53,plants3.54,plants3.55,plants3.56,plants3.57,rice3.58,plants3.59,plants3.60,plants3.62,plants3.64,honeydew3.65,plants3.65,plants3.66,plants3.67,honeydew3.68,plants3.68,plants3.69,rice3.69,plants3.70,rice3.71,plants3.71,plants3.73,plants3.74,rice3.77,Arabidopsis3.77,plants3.77,plants3.79,rice3.80,plants3.82,plants3.83,plants3.84,plants3.85,plants3.86,plants3.87,rice3.88,Arabidopsis3.93,Arabidopsis3.94,plants3.94,rice3.95,Arabidopsis3.95,plants3.96,plants3.97,plants3.98,rice3.98,plants3.99,rice3.100,rice3.102,plants3.103,plants3.107,plants3.108,plants3.110,plants3.112,plants3.113,plants3.114,plants3.115,plants3.117,plants3.119,arrowhead3.121,plants3.124,plants3.133,tobacco3.134,plants3.137,plants3.138,plants3.139,plants3.140,plants3.141,plants3.142,plants3.143,plants3.144,Arabidopsis3.145,Arabidopsis3.146,plants3.147,plants3.148,plants3.150,Arabidopsis3.151,plants3.151,plants3.152,plants3.153,rice3.154,Arabidopsis3.154,rice3.155,plants3.156,plants3.158,plants3.159,plants3.160,plants3.161,plants3.162,plants3.163,plants3.164,plants3.165,plants3.169,rice3.175,plants3.175,plants3.178,plants3.182,plants3.183,plants3.184,plants3.185,rice3.189,plants3.189,plants3.194,plants3.195,plants3.196,rice3.197,rice3.198,plants3.199,rice3.200,plants3.201,rice3.205,plants3.205,plants3.208,plants3.213,rice3.214,rice3.215,Oryzasativa3.215,plants3.215,Oryza3.215,Oryza3.218,Oryzasativa3.218,plants3.220,Arabidopsis3.221,Arabidopsisthaliana3.221,rice3.222,plants3.222,plants3.225,Arabidopsis3.227,plants3.229,pot3.229,honeydew3.230,plants3.231,plants3.235,Arabidopsis3.237,plants3.237,rice3.237,rice3.245,rice3.246,tobacco3.261,Nicotiana3.261,Nicotianabenthamiana3.261,plants3.268,plants3.269,honeydew3.269,plants3.270,Arabidopsis3.271,plants3.271,plants3.272,plants3.273,plants3.274, microRNAs2.1,miRNAs2.1,miRNAs2.2,miRNAs2.4,miRNA2.4,miRNAs2.14,microRNAs3.2,miRNAs3.2,miRNAs3.3,miRNAs3.4,smallRNAs3.8,miRNAs3.9,miRNAs3.28,miRNA3.28,miRNAs3.34,miRNA3.35,miRNAs3.36,miRNAs3.41,miRNA3.92,miRNAs3.172,miRNAs3.173,miRNAs3.174,miRNAs3.175,miRNAs3.176,miRNA3.177,miRNAs3.178,miRNAs3.179,miRNAs3.207,miRNA3.222,miRNA3.223,miRNA3.250,miRNAs3.266,miRNA3.266,
PMC7645692, unknown, True, True, True, True, rice1.1,rice2.2,rice2.3,rice2.4,rice2.5,rice2.8,rice2.9,rice2.10,rice2.11,rice2.12,rice3.1,Oryzasativa3.1,Oryza3.1,rice3.3,rice3.4,rice3.5,plants3.5,rice3.7,rice3.8,wild-rice3.8,rice3.10,rice3.13,plants3.14,Nicotiana3.15,Cucumis3.18,Cucumismelo3.18,Camellia3.19,Camelliasinensis3.19,rice3.20,rice3.21,rice3.22,rice3.23,rice3.24,rice3.25,rice3.26,rice3.27,rice3.29,rice3.30,rice3.35,rice3.38,rice3.42,rice3.47,rice3.49,rice3.56,rice3.64,rice3.67,rice3.70,rice3.72,rice3.78,rice3.79,rice3.88,rice3.89,rice3.91,rice3.96,rice3.97,rice3.98,rice3.99,rice3.101,rice3.102,rice3.103,rice3.109,rice3.110,rice3.111,plants3.113,Arabidopsis3.113,rice3.114,plants3.115,rice3.116,rice3.118,plants3.119,rice3.122,rice3.123,plants3.124,rice3.125,rice3.126,rice3.127,rice3.130,rice3.131,plants3.132,rice3.132,rice3.133,rice3.134,tomato3.135,plants3.137,rice3.139,rice3.141,rice3.142,rice3.143,rice3.144,plants3.146,rice3.147,plants3.147,rice3.148,plants3.148,plants3.149,rice3.149,plants3.150,rice3.151,rice3.152,rice3.153,rice3.154,rice3.155,rice3.159,rice3.160,rice3.162,rice3.163,rice3.164,rice3.165,rice3.166,rice3.167,rice3.169,indicarice3.169,rice3.170,rice3.172,plants3.172,rice3.174,plants3.174,rice3.175,plants3.175,rice3.176,rice3.177,plants3.177,plants3.179,rice3.193,indicarice3.193,O.sativa3.194,O.sativa3.196,O.sativa3.200, miRNAs1.1,microRNAs2.3,miRNAs2.3,miRNAs2.4,smallRNA2.5,miRNAs2.5,miRNA2.6,miRNAs2.6,miRNAs2.7,miRNAs2.8,miRNAs2.9,miRNAs2.10,miRNA2.11,miRNAs3.14,smallRNAs3.14,MicroRNAs3.14,miRNA3.16,miRNA3.18,miRNAs3.19,miRNA3.19,miRNAs3.20,miRNA3.20,miRNAs3.21,miRNA3.22,miRNA3.23,miRNAs3.25,SmallRNA3.25,miRNAs3.26,miRNA3.27,miRNA3.28,miRNAs3.28,miRNA3.29,miRNAs3.30,smallRNA3.30,miRNA3.36,miRNAs3.36,miRNAs3.37,miRNA3.38,miRNAs3.39,miRNA3.40,miRNA3.41,miRNAs3.42,miRNA3.42,miRNAs3.43,miRNAs3.44,miRNAs3.45,miRNA3.45,miRNAs3.46,miRNAs3.47,miRNAs3.49,miRNAs3.50,miRNAs3.51,miRNAs3.52,miRNA3.53,miRNAs3.54,miRNAs3.55,miRNA3.56,miRNAs3.56,miRNAs3.57,miRNAs3.58,miRNAs3.61,miRNAs3.62,miRNAs3.63,miRNA3.64,miRNAs3.64,miRNA3.65,miRNAs3.67,miRNAs3.68,miRNA3.70,miRNA3.71,miRNAs3.71,miRNAs3.73,miRNAs3.74,miRNAs3.75,miRNAs3.76,miRNAs3.78,miRNA3.81,miRNAs3.84,miRNAs3.86,miRNAs3.87,miRNAs3.88,miRNAs3.90,miRNAs3.91,miRNAs3.94,miRNAs3.95,miRNAs3.96,miRNA3.96,miRNA3.97,miRNAs3.98,miRNA3.99,miRNAs3.100,miRNA3.101,miRNA3.102,miRNA3.103,miRNAs3.104,miRNAs3.105,miRNA3.111,miRNAs3.115,miRNA3.119,miRNAs3.120,miRNA3.121,miRNA3.133,miRNAs3.135,miRNAs3.137,miRNAs3.152,miRNA3.153,miRNAs3.154,miRNA3.155,miRNA3.159,miRNA3.160,miRNAs3.161,miRNAs3.163,miRNA3.165,miRNA3.166,miRNA3.167,SmallRNA3.181,SmallRNA3.184,smallRNA3.185,miRNA3.192,miRNA3.194,miRNAs3.197,miRNAs3.199,miRNA3.200,miRNAs3.200,miRNAs3.201,miRNA3.202,miRNA3.203,miR3.203,miRNA3.204,miRNA3.206,miRNAs3.209,
PMC10379292, unknown, True, True, True, True, IndicaRice1.1,rice2.1,rice2.5,rice2.6,rice2.7,rice2.10,rice3.1,rice3.3,rice3.4,rice3.5,rice3.6,Plants3.8,plants3.10,Arabidopsis3.16,cotyledon3.16,plants3.18,rice3.20,rice3.21,rice3.22,rice3.23,rice3.26,plants3.29,rice3.30,rice3.32,rice3.33,rice3.35,rice3.37,rice3.38,rice3.39,rice3.40,rice3.43,rice3.44,rice3.46,rice3.47,rice3.59,rice3.64,rice3.68,rice3.71,rice3.72,rice3.77,plants3.80,rice3.82,rice3.84,rice3.85,rice3.86,rice3.88,rice3.90,rice3.91,rice3.92,rice3.96,rice3.97,rice3.98,rice3.100,plants3.100,plants3.101,rice3.102,rice3.103,alfalfa3.104,rice3.108,rice3.112,rice3.115,rice3.116,rice3.120,rice3.121,rice3.122,rice3.124,plants3.125,rice3.127,plants3.127,rice3.131,plants3.131,pot3.132,Oryza3.146,Oryzasativa3.146,plants3.146,rice3.151,rice3.152,rice3.159,rice3.169,plants3.169,Oryza3.179,Oryzasativa3.179,rice3.186,rice3.196,plants3.206,rice3.207,rice3.209,plants3.211,rice3.214,rice3.215,plants3.216, MicroRNAs1.1,microRNAs2.4,miRNAs2.4,miRNAs2.5,miRNAs2.6,miRNAs2.7,miRNAs2.8,miRNAs2.9,miRNAs2.10,microRNAs3.11,miRNAs3.11,MiRNAs3.12,miRNA3.14,miRNAs3.15,miRNA3.16,miRNAs3.17,miRNAs3.18,miRNA3.19,miRNAs3.20,miRNAs3.21,miRNAs3.22,miRNAs3.23,miRNAs3.24,miRNAs3.25,miRNA3.26,miRNAs3.30,SmallRNA3.30,small-RNA3.30,miRNAs3.32,miRNAs3.33,miRNA3.35,miRNAs3.35,miRNAs3.36,miRNAs3.37,miRNA3.38,miRNA3.39,miRNAs3.39,miRNAs3.40,miRNA3.41,miRNA3.42,miRNAs3.42,miRNAs3.43,miRNAs3.44,miRNAs3.45,miRNA3.45,miRNA3.46,miRNAs3.46,miRNAs3.47,miRNAs3.48,miRNAs3.49,miRNAs3.50,miRNA3.51,miRNAs3.51,miRNAs3.52,miRNAs3.53,miRNA3.53,miRNAs3.54,miRNAs3.55,miRNA3.56,miRNAs3.56,miRNAs3.57,miRNA3.58,miRNAs3.58,miRNAs3.61,miRNAs3.62,miRNAs3.63,miRNAs3.64,miRNAs3.65,miRNAs3.66,miRNAs3.67,miRNA3.69,miRNAs3.69,miRNAs3.70,miRNAs3.71,miRNAs3.72,miRNAs3.73,miRNA3.73,miRNAs3.74,miRNA3.76,miRNA3.77,miRNA3.79,miRNA3.80,miRNAs3.81,miRNAs3.85,miRNAs3.86,miRNAs3.89,miRNAs3.91,miRNAs3.92,miRNA3.92,miRNAs3.93,miRNAs3.94,miRNAs3.95,miRNAs3.96,miRNAs3.97,miRNA3.98,miRNAs3.102,miRNA3.102,miRNA3.103,miRNAs3.103,miRNAs3.105,miRNAs3.116,miRNAs3.118,miRNAs3.119,miRNA3.120,miRNAs3.121,miRNAs3.122,SmallRNA3.138,smallRNA3.140,smallRNA3.142,SmallRNA3.143,smallRNA3.145,miRNAs3.147,miRNAs3.148,miRNAs3.149,miRNAs3.150,miRNAs3.151,miRNAs3.152,miRNAs3.153,miRNA3.154,miRNAs3.155,miRNA3.155,miRNAs3.156,miRNA3.156,miRNAs3.157,miRNA3.157,miRNAs3.158,miRNAs3.159,miRNA3.159,miRNAs3.160,miRNA3.160,miRNAs3.161,miRNAs3.163,miRNAs3.166,miRNAs3.169,miRNAs3.185,miRNA3.186,miRNAs3.186,miRNA3.187,miRNA3.191,miRNA3.194,miRNA3.195,miRNA3.196,miRNAs3.207,miRNAs3.208,miRNAs3.209,miRNAs3.210,miRNAs3.212,miRNAs3.213,miRNAs3.215,miRNA3.216,
PMC8428829, unknown, False, False, False, False,
PMC3585941, unknown, True, True, True, True, Oryza1.1,Oryzasativa1.1,rice2.2,Oryzasativa2.2,Oryza2.2,rice2.3,rice2.7,rice2.8,Oryza3.1,Oryzasativa3.1,rice3.2,rice3.10,rice3.11,plants3.14,rice3.16,rice3.17,rice3.18,rice3.19,rice3.23,Oryza3.27,Oryzasativa3.27,rice3.29,rice3.34,rice3.35,rice3.44,rice3.46,Oryza3.48,Oryzasativa3.48,rice3.51,rice3.53,Oryza3.75,Oryzasativa3.75,rice3.77,rice3.83,rice3.86,rice3.89,rice3.91,plants3.94,rice3.102,Arabidopsis3.102,rice3.103,rice3.105,rice3.107,rice3.108,rice3.109,Oryza3.111,Oryzasativa3.111,Arabidopsis3.111,Arabidopsisthaliana3.111,Osa3.114,rice3.115,Osa3.115,Osa3.127,rice3.129,rice3.155,rice3.159,Osa3.162,Arabidopsis3.174,rice3.175,rice3.186,rice3.187,rice3.188,rice3.189,rice3.191,rice3.192,rice3.193,rice3.194,plants3.196,Arabidopsis3.197,rice3.200,rice3.205,rice3.206,rice3.208,rice3.209,Osa3.214,rice3.216,rice3.219,rice3.222,rice3.231,Osa3.232,rice3.233,rice3.234,Arabidopsis3.234,Osa3.235,Arabidopsis3.235,rice3.235,Osa3.241,Osa3.242,soybeans3.242,plants3.246,plants3.247,Oryza3.248,Oryzasativa3.248,Arabidopsis3.248,Arabidopsisthaliana3.248,Arabidopsis3.251,plants3.253,rice3.254,rice3.255,rice3.258, microRNAs1.1,miRNAs2.1,MicroRNAs2.1,miRNAs2.2,miRNAs2.3,miRNAs2.4,miRNAs2.5,miRNAs2.6,miRNAs2.7,miRNA2.7,miRNAs2.8,microRNAs3.13,miRNAs3.13,miRNA3.14,miRNAs3.14,miRNAs3.15,miRNAs3.16,miRNAs3.17,smallRNAs3.18,miRNAs3.18,miRNA3.18,smallRNAs3.23,miRNAs3.23,miRNAs3.24,miRNA3.25,miRNAs3.26,SmallRNA3.29,miRNA3.38,miRNAs3.38,miRNA3.39,miRNAs3.39,miRNA3.40,smallRNA3.40,miRNA3.41,miRNAs3.42,smallRNAs3.43,smallRNAs3.44,smallRNAs3.45,miRNAs3.46,miRNAs3.48,miRNA3.48,miRNAs3.50,miRNA3.51,miRNAs3.51,miRNA3.52,miRNA3.54,miRNA3.56,miRNAs3.57,miRNA3.57,miRNAs3.58,miRNAs3.59,miRNAs3.61,miRNA3.63,miRNA3.66,miRNAs3.67,miRNA3.67,miRNAs3.68,miRNA3.69,miRNAs3.73,miRNA3.74,miRNAs3.75,miRNAs3.83,smallRNAs3.86,smallRNA3.87,miRNAs3.88,smallRNAs3.88,miRNA3.90,miRNAs3.91,smallRNAs3.92,miRNA3.93,miRNA3.94,miRNA3.95,smallRNAs3.95,miRNA3.96,miRNAs3.96,miRNA3.97,miRNAs3.99,miRNA3.100,miRNAs3.100,miRNA3.101,miRNAs3.102,smallRNA3.102,miRNA3.102,miRNAs3.103,miRNAs3.104,miRNAs3.105,miRNA3.106,miRNAs3.108,miRNAs3.109,smallRNA3.110,miRNAs3.110,miRNAs3.111,miRNAs3.112,miRNAs3.114,miRNA3.114,miRNAs3.115,miRNA3.116,miRNAs3.117,miRNAs3.118,miRNAs3.119,miRNAs3.123,miRNAs3.124,miRNA3.125,miRNAs3.125,miRNAs3.126,miRNA3.126,miRNA3.127,miRNAs3.128,miRNAs3.129,miRNA3.129,miRNAs3.130,miRNAs3.131,miRNAs3.132,miRNAs3.133,miRNAs3.134,miRNAs3.135,miRNAs3.136,miRNAs3.137,miRNAs3.139,miRNAs3.140,miRNAs3.141,miRNAs3.142,miRNAs3.143,miRNA3.143,miRNAs3.144,miRNAs3.145,miRNAs3.146,miRNAs3.147,miRNAs3.149,miRNAs3.152,miRNAs3.154,miRNA3.155,miRNAs3.155,miRNAs3.156,miRNA3.157,miRNAs3.157,miRNAs3.159,miRNA3.163,miRNAs3.163,miRNAs3.164,miRNAs3.165,miRNAs3.168,miRNA3.168,miRNAs3.171,miRNA3.172,smallRNA3.172,miRNAs3.173,miRNAs3.174,miRNA3.175,miRNAs3.175,miRNAs3.177,smallRNA3.177,miRNA3.177,miRNA3.178,miRNAs3.178,miRNA3.179,miRNA3.180,miRNAs3.181,miRNA3.183,miRNA3.186,miRNA3.187,miRNAs3.188,miRNA3.189,miRNAs3.189,miRNAs3.190,smallRNAs3.191,miRNA3.193,miRNAs3.194,SmallRNA3.195,miRNAs3.196,smallRNAs3.198,miRNAs3.199,miRNAs3.200,miRNA3.200,miRNAs3.201,miRNAs3.202,miRNAs3.203,miRNAs3.204,miRNAs3.205,miRNAs3.206,miRNAs3.207,miRNAs3.208,miRNAs3.209,miRNAs3.210,miRNA3.211,miRNAs3.212,miRNAs3.213,miRNA3.214,miRNAs3.214,miRNAs3.216,miRNAs3.217,miRNAs3.218,miRNA3.219,miRNAs3.219,miRNAs3.220,miRNAs3.221,miRNAs3.222,miRNAs3.223,miRNAs3.225,miRNAs3.226,miRNAs3.227,miRNA3.228,miRNAs3.229,miRNAs3.230,miRNAs3.232,miRNAs3.236,miRNAs3.239,miRNA3.242,miRNAs3.244,miRNA3.244,miRNAs3.245,miRNA3.245,miRNA3.246,miRNA3.247,miRNAs3.248,miRNA3.248,miRNA3.249,miRNAs3.250,miRNA3.250,miRNA3.251,miRNAs3.251,miRNAs3.252,miRNAs3.253,miRNAs3.254,miRNA3.255,miRNAs3.256,miRNA3.257,miRNAs3.258,miRNA3.259,miRNA3.260,miRNAs3.260,smallRNA3.261,miRNA3.261,smallRNA3.262,miRNA3.262,miRNA3.263,miRNAs3.263,miRNA3.264,miRNAs3.264,miRNAs3.266,miRNAs3.269,miRNAs3.276,miRNAs3.278,miRNAs3.280,miRNAs3.282,miRNAs3.284,miRNAs3.286,miRNAs3.288,miRNA3.290,miRNA3.292,
PMC7709044, unknown, False, False, False, False,
PMC4257594, unknown, True, True, True, True, rice2.1,Oryzasativa2.1,Oryza2.1,rice2.4,rice2.8,plants3.4,plants3.6,Arabidopsis3.8,Arabidopsisthaliana3.8,Arabidopsis3.9,plants3.11,plants3.13,plants3.16,Oryza3.16,Oryzasativa3.16,rice3.17,rice3.18,rice3.19,rice3.20,rice3.21,flag3.27,O.sativa3.39,rice3.42,rice3.45,rice3.46,rice3.50,rice3.51,rice3.53,rice3.54,indicarice3.54,rice3.56,rice3.60,rice3.62,plants3.66,A.thaliana3.80,O.sativa3.80,Arabidopsis3.82,Arabidopsisthaliana3.82,Oryza3.82,Oryzasativa3.82,plants3.97,rice3.99,plants3.107,tomato3.109,Arabidopsis3.110,cotyledon3.110,rice3.111,Arabidopsis3.114,rice3.115,tomato3.118,plants3.118,rice3.119,Arabidopsis3.124,rice3.129,plants3.130,Arabidopsis3.131,Arabidopsis3.132,Arabidopsis3.133,rice3.133,kidneybean3.133,Arabidopsis3.136,rice3.139,Arabidopsis3.143,plants3.146,rice3.158,rice3.159,rice3.160,rice3.161,flag3.162,rice3.162,plants3.163,rice3.163,rice3.172,rice3.198,rice3.200,rice3.202, MicroRNAs1.1,miRNAs2.3,MicroRNAs2.3,miRNAs2.4,smallRNA2.4,miRNAs2.5,miRNA2.5,miRNAs2.6,miRNA2.7,miRNA2.8,miRNAs3.1,smallRNAs3.1,miRNA3.2,miRNA3.3,miRNAs3.4,miRNA3.4,miRNA3.5,miRNAs3.6,miRNAs3.7,miRNA3.10,miRNAs3.14,miRNA3.16,miRNAs3.23,miRNA3.27,smallRNA3.27,smallRNA3.32,microRNA3.35,miRNAs3.37,miRNA3.37,miRNAs3.38,miRNAs3.39,miRNAs3.40,miRNA3.41,miRNAs3.42,miRNA3.43,miRNA3.45,miRNA3.46,miRNAs3.46,miRNAs3.47,miRNAs3.48,miRNA3.49,miRNAs3.49,miRNAs3.50,miRNAs3.51,miRNAs3.52,miRNAs3.53,miRNA3.53,miRNA3.54,miRNA3.55,miRNAs3.56,miRNA3.56,miRNA3.57,miRNAs3.58,miRNA3.59,miRNA3.60,miRNAs3.60,MiRNA3.60,MiRNA3.61,miRNAs3.62,MiRNA3.62,MiRNAs3.62,miRNAs3.63,miRNA3.65,miRNAs3.66,miRNAs3.67,miRNA3.67,miRNA3.76,miRNA3.80,miRNAs3.91,miRNAs3.92,miRNAs3.93,miRNAs3.96,miRNAs3.97,miRNAs3.99,miRNA3.146,miRNA3.159,miRNA3.160,miRNA3.161,smallRNA3.163,smallRNAs3.166,smallRNA3.167,smallRNAs3.168,miRNAs3.169,smallRNAs3.169,miRNAs3.170,miRNAs3.198,miRNA3.198,miRNAs3.199,miRNAs3.200,microRNAs3.202,miRNA3.204,miRNAs3.205,miRNA3.207,miRNA3.213,
PMC7159242, unknown, True, True, True, True, rice1.1,rice2.1,rice2.3,rice2.4,wildrice2.7,rice2.7,Oryza2.7,Oryzacoarctata2.7,rice3.3,rice3.4,rice3.5,rice3.7,rice3.8,Plants3.10,plants3.11,plants3.12,plants3.16,plants3.21,plants3.25,plants3.28,rice3.29,rice3.30,O.sativa3.41,O.sativa3.50,O.sativa3.51,rice3.60,O.sativa3.60,rice3.74,O.coarctata3.78,wildrice3.78,rice3.78,S.maritima3.78,wildrice3.79,rice3.79,O.coarctata3.79,O.coarctata3.80,S.maritima3.83,Suaedamaritima3.83,O.coarctata3.83,Oryzacoarctata3.83,Oryza3.83,Suaeda3.83,S.maritima3.85,plants3.99,O.sativa3.107,O.sativa3.108,O.sativa3.113,O.sativa3.114,plants3.123,rice3.124,angiosperms3.127,conifers3.127,Citrus3.129,Brassica3.129,Brassicanapus3.129,cucumber3.129,potato3.129,S.maritima3.130,marina3.130,rice3.131,rice3.132,S.maritima3.133,rice3.133,Salicornia3.135,plants3.141,plants3.142,tobacco3.142,Arabidopsis3.142,soybean3.146,soybean3.149,wildrice3.150,rice3.150,O.coarctata3.150,Africanrice3.150,O.glaberrima3.150,rice3.151,rice3.160,plants3.161,wildrice3.165,rice3.165,O.coarctata3.165,S.maritima3.166,plants3.168,plants3.169,tobacco3.169,Arabidopsis3.169,rice3.180,plants3.182,S.maritima3.182,plants3.183,plants3.184,Oryza3.187,Oryzasativa3.187,O.sativa3.189,rice3.191,Suaeda3.198,Suaedamaritima3.198,plants3.199,Panda3.200,plants3.210,wildrice3.214,rice3.214,Oryza3.214,Oryzacoarctata3.214,Panda3.217,plants3.218,S.maritima3.218,plants3.219,S.maritima3.219,rice3.231,plants3.233,rice3.249,Oryza3.251,Oryzasativa3.251,L.indica3.251,plants3.251,Nicotiana3.263,Nicotianabenthamiana3.263,N.benthamiana3.264,plants3.266,ramp3.268,N.benthamiana3.278,S.maritima3.318,O.coarctata3.318, miRNAs1.1,miRNAs2.3,miRNAs2.4,miRNAs2.5,miRNAs2.6,miRNAs2.7,miRNAs2.8,miRNA2.9,microRNAs3.15,miRNAs3.15,miRNAs3.16,smallRNA3.17,MicroRNAs3.17,miRNAs3.18,miRNA3.19,miRNA3.20,miRNA3.21,miRNA3.22,miRNA3.23,miRNAs3.24,miRNAs3.25,miRNAs3.26,miRNA3.27,miRNAs3.28,miRNAs3.29,miRNAs3.30,miRNAs3.33,miRNAs3.36,miRNAs3.37,miRNAs3.38,miRNAs3.39,miRNAs3.43,miRNA3.44,miRNAs3.44,miRNAs3.45,miRNAs3.46,miRNAs3.47,miRNAs3.48,miRNAs3.50,miRNAs3.53,miRNAs3.54,miRNAs3.58,miRNAs3.59,miRNA3.60,miRNAs3.60,miRNAs3.61,miRNA3.63,miRNAs3.63,miRNAs3.64,miRNAs3.65,miRNAs3.66,miRNAs3.69,miRNAs3.76,miRNAs3.77,miRNAs3.78,miRNAs3.79,miRNAs3.83,miRNAs3.84,miRNAs3.85,miRNAs3.88,miRNA3.89,miRNA3.92,miRNAs3.92,miRNAs3.94,miRNA3.97,miRNA3.98,miRNA3.99,miRNA3.102,miRNA3.107,miRNA3.119,miRNA3.120,miRNA3.121,miRNAs3.123,miRNAs3.124,miRNAs3.125,miRNAs3.126,miRNAs3.127,miRNAs3.128,miRNAs3.129,miR3.129,miRNAs3.130,miR3.130,miRNAs3.131,miRNAs3.132,miRNAs3.133,miRNAs3.143,miRNAs3.151,miRNAs3.152,miRNA3.152,miRNA3.153,miRNAs3.153,miRNAs3.154,miRNAs3.155,miRNAs3.156,miRNA3.156,miRNAs3.158,miRNAs3.159,miRNAs3.160,miRNAs3.161,miRNAs3.163,miRNAs3.165,miRNAs3.166,miRNA3.178,miRNAs3.179,miRNAs3.180,miRNAs3.181,miRNA3.183,miRNA3.184,miRNAs3.185,miRNAs3.186,miRNAs3.220,SmallRNA3.220,SmallRNA3.225,Small-RNA3.228,miRNAs3.230,miRNAs3.231,miRNA3.232,miRNAs3.232,miRNAs3.238,miRNA3.246,miRNAs3.247,miRNAs3.249,miRNA3.250,miRNA3.252,miRNA3.262,miRNA3.263,miRNA3.266,miRNAs3.267,miRNA3.273,miRNAs3.273,miRNA3.276,miRNA3.278,miRNA3.282,miRNA3.285,miRNA3.287,miRNA3.289,miRNA3.292,miRNAs3.305,miRNA3.309,miRNA3.311,miRNAs3.314,miRNAs3.315,miRNAs3.316,miRNA3.317,miRNAs3.317,miRNAs3.318,miRNAs3.319,miRNAs3.320,miRNAs3.321,