PMC10010610, unknown, True, True, True, True, tomato1.1,tomato2.1,Solanumlycopersicum2.1,Solanum2.1,Potato2.1,tomato2.2,S.lycopersicum2.2,plants2.2,tomato2.4,tomato2.5,plants3.2,Solanaceae3.6,Plants3.6,tomato3.12,plants3.12,potato3.12,potato3.13,Solanumtuberosum3.13,Solanum3.13,tomato3.13,Solanumlycopersicum3.13,Nicotiana3.14,Nicotianabenthamiana3.14,tomato3.14,plants3.14,tomato3.16,tomato3.17,Solanum3.18,Solanumlycopersicum3.18,tomato3.22,plants3.23,tomato3.23,tomato3.26,plants3.26,N.benthamiana3.28,plants3.29,Tomato3.29,plants3.30,S.lycopersicum3.32,S.lycopersicum3.37,S.lycopersicum3.43,S.lycopersicum3.44,S.lycopersicum3.45,tomato3.46,Solanum3.51,Solanumlycopersicum3.51,tomato3.52,S.lycopersicum3.52,plants3.52,N.benthamiana3.52,tomato3.54,plants3.54,Solanum3.57,Solanumlycopersicum3.57,potato3.58,Arabidopsis3.59,Arabidopsisthaliana3.59,tomato3.63,tomato3.64,plants3.64,plants3.67,plants3.69,plants3.70,plants3.71,plants3.72,S.lycopersicum3.73,plants3.73,plants3.74,tomato3.75,plants3.75,tomato3.76,plants3.76,plants3.80,tomato3.82,plants3.82,plants3.87,plants3.90,tomato3.91,S.lycopersicum3.93,tomato3.94,plants3.94,plants3.95,tomato3.97,tomato3.98,tomato3.100,plants3.110,tomato3.113,S.lycopersicum3.119,plants3.121,tomato3.122,plants3.122,tomato3.133,tomato3.136,tomato3.138,N.benthamiana3.140,plants3.143,plants3.145,plants3.146,tomato3.147,S.lycopersicum3.148,tomato3.155,S.lycopersicum3.155,plants3.155,S.lycopersicum3.160,A.thaliana3.162,plants3.166,tomato3.167,plants3.167,tomato3.168,plants3.168,plants3.170,plants3.171,plants3.172,plants3.173,plants3.174,S.lycopersicum3.177,Arabidopsis3.183,tomato3.184,plants3.184,Withania3.185,Withaniasomnifera3.185,W.somnifera3.185,plants3.185,plants3.187,plants3.188,plants3.197,tomato3.199,plants3.199,N.benthamiana3.199,Prunus3.199,Prunuspersica3.199,peach3.199,citrus3.199,tomato3.202,tomato3.203,plants3.204,tomato3.206,tobacco3.206,plants3.208,Gynura3.210,Gynuraaurantiaca3.210,plants3.214,plants3.215,tomato3.217,N.benthamiana3.217,tomato3.218,plants3.219,Arabidopsis3.224,plants3.224,W.somnifera3.224,W.somnifera3.226,Arabidopsis3.226,tobacco3.226,plants3.226,Arabidopsis3.228,plants3.230,plants3.232,tomato3.232,Solanaceae3.233,S.lycopersicum3.238,tomato3.243,S.lycopersicum3.244,plants3.244,potato3.244,plants3.250, microRNA2.2,smallRNAs3.4,microRNAs3.6,SmallRNA3.37,microRNA3.58,
PMC7339384, unknown, True, True, True, True, tomato1.1,Solanumlycopersicum1.1,Solanum1.1,tomato2.3,Solanumlycopersicum2.3,Solanum2.3,Arabidopsis3.11,Arabidopsisthaliana3.11,Oryza3.11,Oryzasativa3.11,Physcomitrella3.11,Physcomitrellapatens3.11,Cucurbita3.11,Cucurbitamaxima3.11,Brassica3.11,Brassicarapa3.11,Triticum3.11,Triticumaestivum3.11,Arabidopsis3.12,Arabidopsisthaliana3.12,Arabidopsis3.13,Arabidopsisthaliana3.13,Oryza3.13,Oryzasativa3.13,Physcomitrella3.13,Physcomitrellapatens3.13,Arabidopsis3.14,Arabidopsisthaliana3.14,rice3.14,Populus3.21,Populustrichocarpa3.21,tomato3.22,potato3.22,plants3.23,plants3.24,plants3.25,Solanum3.28,Solanumlycopersicum3.28,Tomato3.28,tomato3.29,tomato3.30,plants3.32,tomato3.33,Plants3.35,tomato3.36,plants3.39,tomato3.39,tomato3.40,tomato3.44,tomato3.45,tomato3.67,tomato3.68,tomato3.70,tomato3.73,tomato3.91,tomato3.145,tomato3.147,tomato3.151,tomato3.152,plants3.156,Arabidopsis3.157,Arabidopsisthaliana3.157,Arabidopsis3.160,Arabidopsisthaliana3.160,Oryza3.160,Oryzasativa3.160,Physcomitrella3.160,Physcomitrellapatens3.160,Brassica3.162,Brassicarapa3.162,rice3.165,Arabidopsis3.165,Arabidopsisthaliana3.165,tomato3.167,Arabidopsis3.171,Arabidopsisthaliana3.171,Brassica3.172,Brassicarapa3.172,tomato3.173,dicotyledons3.176,soybean3.178,Medicago3.178,Medicagotruncatula3.178,rice3.178,Arabidopsis3.178,Arabidopsis3.184,Arabidopsisthaliana3.184,Populus3.184,Populustrichocarpa3.184,tomato3.184,tomato3.185,plants3.188,Arabidopsis3.189,tobacco3.190,pepper3.190,plants3.203,Arabidopsis3.204,Arabidopsisthaliana3.204,wheat3.205,tomato3.205,Arabidopsis3.209,Arabidopsisthaliana3.209,pepper3.210,Capsicum3.210,Capsicumannuum3.210,pepper3.211,plants3.222,tomato3.223, smallRNA2.1,miRNAs2.10,smallRNAs2.10,smallRNA3.4,miRNA3.12,miRNAs3.16,miRNA3.18,miRNAs3.27,smallRNA3.30,SmallRNAs3.41,smallRNAs3.42,miRNA3.59,miRNAs3.59,miRNAs3.67,miRNAs3.69,miRNAs3.70,miRNAs3.71,miRNAs3.72,miRNAs3.73,miRNAs3.146,miRNAs3.147,miRNAs3.148,miRNAs3.149,miRNAs3.150,miRNAs3.152,miRNAs3.224,
PMC4891822, unknown, True, True, True, True, tomato1.1,Solanumlycopersicum1.1,Solanum1.1,plants2.3,tomato2.4,Solanumlycopersicum2.4,Solanum2.4,tomato2.14,tomato2.17,plants3.3,Solanum3.5,Solanumlycopersicum3.5,Tomato3.5,tomato3.6,tomato3.8,plants3.12,plants3.14,Arabidopsis3.15,Arabidopsisthaliana3.15,A.thaliana3.17,Oryza3.18,Oryzasativa3.18,tomato3.23,tomato3.24,Solanumlycopersicum3.24,Solanum3.24,tomato3.26,tomato3.27,tomato3.28,tomato3.30,tomato3.33,tomato3.37,Arabidopsis3.37,tomato3.40,Populus3.46,Populustomentosa3.46,tomato3.49,plants3.60,Arabidopsis3.65,Arabidopsisthaliana3.65,tomato3.66,tomato3.72,tomato3.75,plants3.95,tomato3.96,plants3.96,tomato3.107,Arabidopsis3.110,maize3.110,Zeamays3.110,Zea3.110,cotton3.110,Gossypiumhirsutum3.110,Gossypium3.110,rice3.110,Oryzasativa3.110,Oryza3.110,petunia3.110,Petunia3.110,Petuniahybrida3.110,apple3.110,Malusdomestica3.110,Malus3.110,plants3.169,tomato3.171,plants3.172,plants3.175,tomato3.179,plants3.183,Tomato3.184,tomato3.188,pot3.189,plants3.190,plants3.192,tomato3.194,tomato3.200,plants3.200,plants3.203,tomato3.218,plants3.218,plants3.223,S.lycopersicum3.230, microRNAs1.1,microRNAs2.1,miRNAs2.1,miRNAs2.3,miRNAs2.4,smallRNAs2.5,miRNAs2.5,miRNAs2.6,miRNAs2.7,miRNAs2.8,miRNAs2.10,miRNAs2.11,miRNAs2.12,miRNAs2.13,miRNAs2.14,miRNAs2.15,miRNA2.16,miRNAs2.17,miRNAs3.1,miRNAs3.2,miRNAs3.3,miRNA3.3,miRNAs3.4,miRNAs3.5,miRNAs3.6,miRNAs3.7,miRNAs3.8,smallRNA3.8,miRNAs3.9,miRNAs3.10,miRNA3.13,miRNAs3.14,miRNAs3.19,miRNAs3.20,miRNAs3.21,SmallRNA3.21,miRNAs3.22,miRNAs3.23,miRNAs3.25,miRNAs3.26,miRNA3.26,miRNAs3.27,miRNA3.27,miRNA3.28,miRNAs3.32,miRNA3.35,miRNA3.38,miRNAs3.39,smallRNAs3.40,miRNA3.40,miRNAs3.41,miRNA3.41,miRNA3.42,miRNAs3.43,miRNA3.44,miRNAs3.46,miRNAs3.48,miRNA3.48,miRNAs3.49,miRNAs3.50,miRNA3.51,miRNAs3.51,smallRNAs3.51,miRNAs3.52,miRNAs3.54,miRNA3.55,miRNAs3.56,miRNA3.58,miRNAs3.58,miRNAs3.59,miRNAs3.60,miRNAs3.61,miRNAs3.62,miRNAs3.64,miRNAs3.65,miRNAs3.66,miRNA3.66,miRNAs3.67,miRNA3.68,miRNAs3.68,miRNAs3.69,miRNAs3.70,miRNA3.72,miRNAs3.73,miRNAs3.74,miRNAs3.75,miRNA3.75,miRNAs3.76,miRNAs3.78,miRNAs3.79,miRNAs3.80,miRNAs3.81,miRNAs3.82,miRNAs3.83,miRNAs3.84,miRNAs3.85,miRNAs3.86,miRNAs3.87,miRNAs3.88,miRNA3.89,miRNAs3.89,miRNAs3.92,miRNAs3.93,miRNAs3.94,miRNAs3.95,miRNAs3.96,miRNAs3.97,miRNAs3.98,miRNAs3.99,miRNAs3.100,miRNAs3.102,miRNAs3.103,miRNAs3.104,miRNAs3.105,miRNAs3.106,miRNA3.106,miRNAs3.111,miRNAs3.112,miRNAs3.117,miRNAs3.135,miRNAs3.136,miRNAs3.138,miRNAs3.139,miRNAs3.140,miRNAs3.141,miRNAs3.143,miRNAs3.145,miRNAs3.146,miRNA3.148,miRNA3.150,miRNA3.151,miRNAs3.152,miRNAs3.154,miRNA3.162,miRNAs3.167,miRNAs3.168,miRNAs3.169,miRNA3.173,miRNAs3.174,miRNA3.175,miRNAs3.175,miRNA3.176,miRNAs3.177,miRNAs3.178,miRNA3.179,miRNAs3.179,miRNAs3.180,miRNA3.181,miRNA3.182,miRNAs3.183,miRNAs3.194,SmallRNA3.194,SmallRNAs3.196,smallRNA3.197,miRNA3.199,miRNAs3.202,miRNA3.203,miRNA3.204,miRNA3.205,miRNA3.206,miRNAs3.207,miRNA3.207,miRNA3.208,miRNAs3.208,miRNA3.210,miRNA3.212,miRNA3.214,miRNAs3.215,miRNA3.217,miRNAs3.217,miRNAs3.218,miRNA3.219,miRNAs3.220,miRNA3.221,miRNAs3.222,miRNA3.224,miRNA3.225,miRNA3.230,miRNA3.232,
PMC10298117, unknown, True, True, False, True, Solanum1.1,Solanumlycopersicum1.1,Tomato1.1,tomato2.2,Solanumlycopersicum2.2,Solanum2.2,tomato2.4,tomato2.7,tomato2.9,glycine3.3,Tomato3.11,tomato3.12,plants3.13,tomato3.14,tomato3.16,tomato3.17,tomato3.18,tomato3.20,Tomato3.20,tomato3.21,tomato3.23,eggplant3.24,Solanummelongena3.24,Solanum3.24,pepper3.24,Capsicum3.24,Capsicumannuum3.24,tobacco3.24,Nicotiana3.24,Nicotianabenthamiana3.24,Arabidopsis3.24,Solanaceae3.24,tomato3.25,tomato3.26,tomato3.28,tomato3.29,tomato3.30,codon3.30,tomato3.31,Arabidopsis3.32,arabidopsis3.32,potato3.33,S.melongena3.34,Eggplant3.34,pepper3.34,C.annuum3.34,tobacco3.34,N.benthamiana3.34,tomato3.35,Arabidopsis3.36,potato3.36,Solanaceae3.41,tomato3.42,Tomato3.42,Arabidopsis3.42,tomato3.44,Tomato3.44,tomato3.45,tomato3.46,Tomato3.46,tomato3.48,tomato3.49,tomato3.50,tomato3.55,S.lycopersicum3.55,plants3.56,Tomato3.56,Tomato3.66,tomato3.67,pepper3.68,tobacco3.68,eggplant3.68,tomato3.68,solanaceae3.68,tomato3.69,tomato3.71,tomato3.77,tomato3.80,tomato3.81,tomato3.82,maize3.83,tomato3.88,tomato3.89,tomato3.90,tomato3.91,Arabidopsis3.91,pepper3.91,potato3.91,tobacco3.91,eggplant3.91,solanaceae3.91,tomato3.92,Arabidopsis3.92,pepper3.92,potato3.92,tobacco3.92,eggplant3.92,tomato3.94,Arabidopsis3.94,solanaceae3.94,tomato3.96,plants3.96,tomato3.97,pepper3.97,potato3.97,tobacco3.97,eggplant3.97,solanaceae3.97,tomato3.99,tomato3.100,tomato3.104,Arabidopsis3.104,tomato3.105,pepper3.105,tomato3.106,potato3.106,tomato3.107,tobacco3.107,eggplant3.108,Tomato3.108,Arabidopsis3.110,tomato3.110,tomato3.111,Tomato3.111,tomato3.113,Tomato3.113,tomato3.116,tomato3.118,tomato3.119,tomato3.120,tomato3.127,tomato3.132,Tomato3.132,tomato3.134,tomato3.138,tomato3.139,potato3.139,Arabidopsis3.139,mango3.139,peach3.139,plants3.139,tomato3.143,tomato3.144,potato3.144,rose3.144,tomato3.147,tomato3.148,potatoes3.150,tomato3.151,tomato3.155,tomato3.158,wheat3.158,tomato3.160,wheat3.160,peach3.160,rose3.160,tomato3.161,Arabidopsis3.161,grapes3.163,tomato3.164,tomato3.168,tomato3.172,tomato3.174,tomato3.176,tomato3.180,tomato3.181,tomato3.182,tomato3.184,tomato3.186,tomato3.187,tomato3.189,tomato3.190,tomato3.191,tomato3.192, miRNAs3.45,miRNAs3.113,miRNAs3.114,miRNAs3.115,miRNAs3.116,miRNA3.116,miRNAs3.117,miRNAs3.166,smallRNAs3.166,MicroRNAs3.166,miRNAs3.167,miRNAs3.168,miRNAs3.169,miRNAs3.170,miRNA3.171,
PMC5398497, unknown, True, True, True, True, tomato1.1,Solanumlycopersicum1.1,Solanum1.1,tomato2.2,tomato2.3,tomato2.5,tomato2.6,tomato2.10,tomato2.12,Arabidopsis3.12,tomato3.13,Arabidopsis3.14,tomato3.17,tomato3.18,tomato3.19,tomato3.20,tomato3.21,tomato3.22,tomato3.23,tomato3.24,tomato3.29,tomato3.30,California3.30,tomato3.42,Arabidopsis3.52,tomato3.52,Solanaceae3.52,tomato3.60,Solanum3.60,tomato3.66,tomato3.72,tomato3.97,tomato3.98,tomato3.101,floweringplants3.110,plants3.110,Citrus3.112,Soybean3.112,Potato3.112,tomato3.113,tomato3.125,tomato3.126,Solanaceae3.126,Solanaceae3.130,tomato3.132,tomato3.133,tomato3.141,tomato3.150,tomato3.160,tomato3.167,tomato3.173,tomato3.178,tomato3.180,tomato3.191,tomato3.197,tomato3.208,C.elegans3.226,C.elegans3.230,C.elegans3.233,tomato3.258,tomato3.260,tomato3.265,tomato3.267,tomato3.268,tomato3.270,tomato3.271,Tomato3.271,tomato3.272,tomato3.273,tomato3.274,tomato3.275,plants3.276,tomato3.277,tomato3.281,Arabidopsis3.283,tomato3.284,tomato3.289,tomato3.290,tomato3.292,tomato3.296,Arabidopsis3.299,soybean3.301,Arabidopsis3.303,tomato3.305,plants3.307,tomato3.308,C.elegans3.317,C.elegans3.318,tomato3.321,tomato3.322,tomato3.323,tomato3.327,plants3.330,tomato3.331,Tomato3.332,tomato3.333,C.elegans3.335,tomato3.343,tomato3.344,tomato3.345,tomato3.346,tomato3.347,tomato3.348,tomato3.349,tomato3.350,tomato3.351,tomato3.352,tomato3.353,tomato3.354,tomato3.355,tomato3.356, miRNAs2.2,smallRNA2.3,miRNAs2.3,miRNAs2.4,miRNAs2.5,miRNAs2.6,miRNAs2.7,miRNAs2.8,miRNAs2.10,miRNAs2.11,miRNAs2.12,microRNAs3.9,miRNA3.9,miRNAs3.10,miRNAs3.11,miRNAs3.15,miRNA3.15,miRNAs3.16,miRNAs3.17,miRNAs3.18,miRNAs3.19,miRNAs3.20,miRNAs3.21,miRNAs3.22,miRNAs3.23,miRNA3.29,miRNA3.39,smallRNA3.40,smallRNA3.42,smallRNA3.43,SmallRNA3.43,smallRNA3.45,smallRNAs3.51,miRNA3.52,miRNAs3.52,smallRNA3.52,miRNAs3.55,miRNAs3.56,miRNA3.56,miRNA3.57,miRNAs3.57,miRNAs3.58,miRNAs3.59,miRNAs3.60,miRNA3.60,miRNA3.61,smallRNA3.61,miRNA3.63,miRNAs3.64,miRNAs3.66,miRNA3.68,miRNAs3.72,miRNAs3.77,miRNAs3.78,miRNA3.78,miRNA3.82,miRNAs3.85,miRNAs3.87,miRNAs3.89,miRNA3.90,miRNAs3.91,miRNA3.91,miRNAs3.92,miRNA3.92,miRNAs3.93,miRNA3.93,miRNAs3.94,miR3.94,miRNA3.94,miRNAs3.95,miRNA3.95,miRNA3.96,smallRNA3.105,smallRNA3.106,smallRNA3.107,smallRNA3.108,smallRNA3.110,smallRNAs3.112,miRNAs3.113,miRNA3.116,smallRNAs3.117,miRNAs3.117,miRNAs3.118,miRNAs3.119,miRNA3.119,miRNAs3.120,miRNAs3.121,miRNAs3.122,miRNA3.122,miRNA3.123,miRNAs3.124,miRNA3.126,miRNAs3.126,miRNAs3.127,miRNAs3.128,miRNA3.129,miRNAs3.129,miRNAs3.130,miRNAs3.131,miRNAs3.132,miRNA3.132,MIRNA3.133,miRNAs3.133,miRNAs3.134,miRNA3.136,miRNAs3.141,miRNAs3.142,miRNAs3.143,miRNAs3.146,miRNA3.147,miRNAs3.149,miRNA3.149,miRNAs3.150,miRNAs3.151,miRNAs3.152,miRNAs3.153,miRNAs3.154,miRNA3.156,miRNAs3.157,miRNAs3.158,miRNAs3.159,miRNAs3.160,miRNA3.164,miRNA3.167,miRNAs3.167,miRNAs3.168,miRNAs3.170,miRNAs3.172,miRNA3.173,miRNAs3.178,miRNA3.180,miRNAs3.182,miRNA3.182,miRNA3.185,miRNAs3.186,miRNA3.187,miRNAs3.187,miRNA3.188,miRNAs3.191,miRNA3.191,miRNAs3.192,miRNA3.197,miRNAs3.197,miRNAs3.198,miRNA3.199,miRNA3.201,miRNAs3.209,smallRNA3.210,miRNAs3.211,miRNAs3.212,miRNA3.212,miR3.212,miRNAs3.213,miRNA3.213,miR3.213,miRNAs3.214,miRNA3.214,miRNAs3.215,miRNAs3.216,miRNAs3.217,miRNAs3.218,miR3.218,miRNAs3.219,miR3.220,miR3.221,miRNAs3.221,miRNAs3.222,miRNAs3.223,miRNAs3.224,miRNA3.224,miRNAs3.225,miRNA3.225,miRNAs3.226,miRNAs3.227,miR3.227,miR3.228,miRNAs3.229,miR3.229,miRNAs3.230,miR3.230,miRNAs3.231,miR3.231,miR3.232,miRNAs3.233,miR3.233,miRNAs3.234,miRNA3.235,miRNA3.236,miRNAs3.236,miRNAs3.237,miRNAs3.238,miR3.239,miR3.240,miRNAs3.241,miR3.241,miRNAs3.242,miR3.242,miRNAs3.243,miR3.243,miR3.244,miRNA3.245,smallRNA3.245,miRNAs3.246,miRNAs3.247,miR3.248,miR3.249,miR3.250,miRNA3.251,miRNAs3.254,miR3.255,miRNA3.256,miRNA3.257,miRNAs3.258,miRNAs3.259,miRNAs3.260,miRNAs3.261,miRNAs3.262,miRNAs3.264,miRNAs3.265,miRNAs3.266,miRNAs3.267,miRNA3.267,miRNA3.268,miRNAs3.268,miRNA3.269,miRNAs3.270,miRNAs3.271,miRNAs3.296,miRNA3.305,miRNAs3.309,miRNAs3.310,miRNAs3.311,miRNAs3.312,miR3.312,miRNAs3.313,miRNA3.314,miRNAs3.315,miR3.315,miR3.316,miR3.317,miR3.318,miR3.319,miR3.321,miRNAs3.322,miRNAs3.323,miRNAs3.324,miRNAs3.325,miRNAs3.326,miRNAs3.327,miR3.327,miRNAs3.328,miRNAs3.330,smallRNA3.331,miRNAs3.332,miRNA3.333,miRNAs3.333,miRNAs3.334,miRNA3.334,miRNAs3.335,miR3.337,miRNA3.337,miRNA3.340,miRNAs3.341,miRNAs3.343,miRNAs3.344,miRNAs3.345,miRNAs3.346,miRNAs3.347,miRNAs3.348,miRNAs3.349,miRNAs3.350,miRNAs3.351,miRNA3.352,miRNAs3.352,miRNA3.353,miRNAs3.353,miRNA3.354,miRNAs3.354,miRNAs3.355,miRNAs3.356,miRNAs3.357,miRNAs3.358,
PMC4458020, unknown, True, True, True, True, tomato1.1,Solanumlycopersicum1.1,Solanum1.1,Solanumhabrochaites1.1,Solanum2.1,Solanumhabrochaites2.1,S.habrochaites2.2,S.lycopersicum2.2,S.lycopersicum2.3,S.habrochaites2.3,tomato2.5,S.lycopersicum2.5,S.habrochaites2.5,plants2.5,S.lycopersicum2.6,tomato2.6,S.habrochaites2.6,S.lycopersicum2.7,S.habrochaites2.7,tomato2.10,plants3.1,plants3.2,Plants3.3,Plants3.4,plants3.5,maize3.5,rice3.5,tomato3.5,plants3.6,Arabidopsis3.8,Arabidopsisthaliana3.8,plants3.8,A.thaliana3.9,Brassica3.9,Brassicanapus3.9,poplar3.9,potato3.9,tomato3.9,plants3.9,A.thaliana3.10,Chorispora3.10,Chorisporabungeana3.10,plants3.10,plants3.11,Solanum3.12,Solanumtuberosum3.12,Solanumcommersonii3.12,A.thaliana3.16,rice3.16,maize3.16,plants3.18,plants3.19,plants3.20,tomato3.24,tomato3.26,Solanumlycopersicum3.26,Solanum3.26,Solanumhabrochaites3.26,S.habrochaites3.27,S.lycopersicum3.27,plants3.27,S.lycopersicum3.28,S.habrochaites3.28,plants3.28,S.lycopersicum3.29,S.habrochaites3.29,S.lycopersicum3.31,S.habrochaites3.31,S.lycopersicum3.36,S.habrochaites3.36,S.habrochaites3.37,S.habrochaites3.39,S.lycopersicum3.39,plants3.40,Solanum3.40,Solanumlycopersicum3.40,S.lycopersicum3.40,S.habrochaites3.40,plants3.41,tomato3.43,tomato3.46,tomato3.47,S.habrochaites3.51,S.lycopersicum3.61,S.habrochaites3.61,S.lycopersicum3.63,S.habrochaites3.63,S.lycopersicum3.66,S.habrochaites3.66,S.lycopersicum3.67,S.habrochaites3.67,S.lycopersicum3.68,S.habrochaites3.68,plants3.68,S.lycopersicum3.69,S.habrochaites3.69,S.lycopersicum3.70,S.habrochaites3.70,S.lycopersicum3.71,S.habrochaites3.71,S.lycopersicum3.73,S.habrochaites3.74,S.habrochaites3.75,S.lycopersicum3.75,S.lycopersicum3.76,tomato3.76,S.habrochaites3.76,S.lycopersicum3.77,S.habrochaites3.77,S.lycopersicum3.78,S.habrochaites3.78,S.lycopersicum3.80,S.habrochaites3.80,S.lycopersicum3.82,S.habrochaites3.82,S.lycopersicum3.83,S.habrochaites3.83,S.lycopersicum3.84,S.habrochaites3.84,S.lycopersicum3.85,S.habrochaites3.85,S.lycopersicum3.86,tomato3.86,S.habrochaites3.86,S.lycopersicum3.90,S.habrochaites3.90,S.lycopersicum3.91,plants3.92,S.lycopersicum3.100,S.habrochaites3.100,S.lycopersicum3.103,S.habrochaites3.103,S.habrochaites3.104,S.lycopersicum3.107,S.habrochaites3.107,plants3.107,S.lycopersicum3.108,S.habrochaites3.108,S.lycopersicum3.109,tomato3.109,S.habrochaites3.109,S.lycopersicum3.111,S.habrochaites3.111,S.lycopersicum3.112,tomato3.112,S.habrochaites3.112,tomato3.118,S.lycopersicum3.119,S.habrochaites3.119,tomato3.120,tomato3.122,tomato3.125,S.lycopersicum3.126,S.habrochaites3.126,S.habrochaites3.129,S.lycopersicum3.129,S.lycopersicum3.130,S.habrochaites3.130,S.lycopersicum3.131,S.habrochaites3.131,S.lycopersicum3.132,S.habrochaites3.132,S.lycopersicum3.134,S.habrochaites3.134,S.lycopersicum3.137,S.lycopersicum3.139,S.lycopersicum3.140,S.lycopersicum3.142,S.lycopersicum3.144,S.habrochaites3.144,S.lycopersicum3.146,S.habrochaites3.146,S.lycopersicum3.147,S.habrochaites3.147,S.lycopersicum3.148,S.habrochaites3.148,S.habrochaites3.149,S.lycopersicum3.149,tomato3.151,S.lycopersicum3.151,S.habrochaites3.151,S.lycopersicum3.152,S.habrochaites3.152,S.lycopersicum3.153,S.habrochaites3.153,S.lycopersicum3.155,S.habrochaites3.155,S.lycopersicum3.156,S.habrochaites3.156,plants3.156,S.lycopersicum3.157,S.habrochaites3.157,S.habrochaites3.158,S.habrochaites3.159,S.lycopersicum3.160,S.habrochaites3.160,S.lycopersicum3.161,S.habrochaites3.161,S.lycopersicum3.162,S.habrochaites3.162,S.habrochaites3.163,S.lycopersicum3.163,S.habrochaites3.164,Arabidopsis3.164,S.lycopersicum3.166,S.habrochaites3.166,S.lycopersicum3.167,S.habrochaites3.167,S.lycopersicum3.168,S.habrochaites3.168,S.lycopersicum3.170,S.habrochaites3.171,plants3.172,S.lycopersicum3.173,S.habrochaites3.173,higherplants3.178,plants3.178,S.lycopersicum3.181,S.habrochaites3.181,S.lycopersicum3.183,S.habrochaites3.183,A.thaliana3.184,S.lycopersicum3.186,S.habrochaites3.186,plants3.191,A.thaliana3.191,Brachypodium3.191,Brachypodiumdistachyon3.191,Oryza3.191,Oryzasativa3.191,Populus3.191,Populustrichocarpa3.191,S.lycopersicum3.192,S.habrochaites3.192,S.lycopersicum3.194,S.habrochaites3.194,A.thaliana3.195,B.distachyon3.195,S.lycopersicum3.196,S.habrochaites3.196,A.thaliana3.197,Oryza3.197,Oryzasativa3.197,Populus3.197,Populustrichocarpa3.197,S.habrochaites3.198,plants3.199,S.lycopersicum3.200,S.habrochaites3.200,S.lycopersicum3.202,S.habrochaites3.202,tomato3.203,plants3.203,S.lycopersicum3.204,S.habrochaites3.204,tomato3.206,California3.207,Tomato3.207,S.lycopersicum3.208,S.habrochaites3.208,tomato3.222,S.lycopersicoides3.226,S.habrochaites3.237,S.lycopersicum3.237,tomato3.243, microRNAs2.4,miRNAs2.4,miRNA2.8,miRNAs2.9,miRNAs2.10,miRNAs3.18,MicroRNAs3.18,miRNAs3.19,miRNAs3.20,miRNAs3.21,MiRNAs3.22,miRNAs3.23,miRNAs3.24,miRNA3.24,miRNAs3.25,miRNA3.27,miRNA3.33,miRNAs3.33,miRNAs3.34,miRNAs3.35,miRNAs3.36,SmallRNA3.58,SmallRNA3.59,miRNAs3.63,miRNA3.63,miRNA3.64,miRNAs3.112,miRNAs3.113,smallRNAs3.115,miRNA3.115,miRNAs3.116,miRNAs3.117,miRNA3.118,miRNAs3.118,miRNAs3.119,miRNA3.119,miRNAs3.120,miRNAs3.121,miRNAs3.122,miRNAs3.124,miRNA3.125,miRNAs3.126,miRNAs3.127,miRNAs3.129,microRNAs3.132,miRNAs3.132,miRNAs3.133,miRNAs3.135,miRNA3.138,miRNA3.141,miRNAs3.143,microRNAs3.144,miRNAs3.190,miRNAs3.191,miRNA3.192,miRNAs3.193,miRNAs3.205,smallRNAs3.218,smallRNA3.218,microRNA3.218,smallRNA3.219,miRNAs3.242,smallRNA3.242,miRNAs3.243,SmallRNA3.244,miRNA3.245,miRNAs3.246,SmallRNAs3.246,
PMC6207730, unknown, True, True, True, True, tomato1.1,tomato2.1,Solanumlycopersicum2.1,Solanum2.1,tomato2.2,Solanum2.2,Solanumpennellii2.2,S.lycopersicum2.7,S.pennellii2.7,S.lycopersicum2.9,S.pennellii2.10,S.pennellii2.11,S.lycopersicum2.12,S.pennellii2.12,Solanaceae3.1,plants3.1,Tomato3.3,Solanum3.4,Angiosperms3.4,Solanum3.5,Solanumlycopersicum3.5,tomato3.5,tomato3.6,plants3.6,Arabidopsis3.6,Arabidopsisthaliana3.6,tomato3.7,tomato3.10,tomato3.11,Solanum3.12,Solanumpennellii3.12,tomato3.12,tomato3.13,S.lycopersicum3.14,Solanaceae3.15,S.lycopersicum3.16,S.pennellii3.16,tomato3.18,plants3.22,plants3.25,tomato3.34,tomato3.35,S.pennellii3.35,S.lycopersicum3.36,S.pennellii3.36,S.lycopersicum3.38,tomato3.38,S.pennellii3.38,S.lycopersicum3.39,S.pennellii3.39,S.lycopersicum3.41,S.pennellii3.41,S.lycopersicum3.42,S.pennellii3.42,S.lycopersicum3.46,S.pennellii3.46,Solanum3.51,Solanumlycopersicum3.51,Solanumpennellii3.51,Citrus3.51,Citrussinensis3.51,Glycine3.51,Glycinemax3.51,Phaseolus3.51,Phaseolusvulgaris3.51,Solanumtuberosum3.51,Nicotiana3.51,Nicotianasylvestris3.51,Cucumis3.51,Cucumismelo3.51,Theobroma3.51,Theobromacacao3.51,cacao3.51,Vitis3.51,Vitisvinifera3.51,S.lycopersicum3.52,S.pennellii3.52,S.lycopersicum3.53,S.pennellii3.53,tomato3.55,S.lycopersicum3.56,S.pennellii3.56,S.tuberosum3.57,S.lycopersicum3.59,S.pennellii3.59,S.lycopersicum3.60,S.pennellii3.60,S.lycopersicum3.61,S.pennellii3.61,S.lycopersicum3.62,S.pennellii3.62,S.lycopersicum3.63,S.pennellii3.64,S.lycopersicum3.64,S.lycopersicum3.66,S.pennellii3.66,S.lycopersicum3.67,S.pennellii3.67,S.lycopersicum3.68,S.pennellii3.70,tomato3.70,Solanaceae3.70,Fabaceae3.70,Brassicaceae3.70,tomato3.71,Solanaceae3.71,S.lycopersicum3.72,tomato3.72,S.pennellii3.72,Fabaceae3.72,Brassicaceae3.72,S.lycopersicum3.73,S.pennellii3.73,plants3.73,S.lycopersicum3.75,S.pennellii3.76,S.lycopersicum3.77,S.pennellii3.78,S.lycopersicum3.79,S.pennellii3.79,S.lycopersicum3.83,S.pennellii3.83,Solanum3.84,Solanumlycopersicum3.84,Solanumpennellii3.84,Nicotiana3.84,Nicotianatabacum3.84,Populus3.85,Populustrichocarpa3.85,Malus3.85,Malusdomestica3.85,Manihot3.85,Manihotesculenta3.85,Glycine3.85,Glycinemax3.85,Solanum3.85,Solanumtuberosum3.85,S.lycopersicum3.86,S.pennellii3.86,Solanum3.90,Solanumlycopersicum3.90,Solanumpennellii3.90,Malus3.90,Malusdomestica3.90,Nicotiana3.90,Nicotianatabacum3.90,Theobroma3.90,Theobromacacao3.90,cacao3.90,Citrus3.90,Citrussinensis3.90,Vitis3.90,Vitisvinifera3.90,Osa3.90,Oryza3.90,Oryzasativa3.90,Arabidopsis3.90,Arabidopsisthaliana3.90,S.lycopersicum3.92,S.pennellii3.92,Solanaceae3.92,tomato3.94,Solanaceae3.94,tomato3.95,Solanaceae3.95,Eudicots3.95,Monocotyledons3.95,S.lycopersicum3.96,S.pennellii3.96,Eudicots3.96,Solanum3.97,Solanumlycopersicum3.97,Solanumpennellii3.97,Malus3.97,Malusdomestica3.97,Solanumtuberosum3.97,Nicotiana3.97,Nicotianatabacum3.97,Populus3.97,Populustrichocarpa3.97,Arabidopsis3.97,Arabidopsislyrata3.97,Arabidopsisthaliana3.97,Brassica3.97,Brassicanapus3.97,Citrus3.97,Citrussinensis3.97,Vitis3.97,Vitisvinifera3.97,Zea3.97,Zeamays3.97,Aegilops3.98,Aegilopstauschii3.98,S.lycopersicum3.98,tomato3.98,S.lycopersicum3.99,S.pennellii3.99,tomato3.100,S.lycopersicum3.100,plants3.100,plants3.111,tomato3.112,tomato3.117,S.lycopersicum3.117,S.lycopersicum3.118,S.pennellii3.118,S.pennellii3.119,S.lycopersicum3.119,tomato3.120,S.lycopersicum3.120,S.pennellii3.120,S.lycopersicum3.121,S.pennellii3.122,S.lycopersicum3.122,tomato3.122,S.lycopersicum3.124,S.lycopersicum3.126,S.pennellii3.128,tomato3.130,S.lycopersicum3.131,tomato3.131,S.pennellii3.131,S.lycopersicum3.132,tomato3.136,S.Lycopersicum3.136,S.pennellii3.136,tomato3.138,tomato3.139,S.lycopersicum3.140,S.pennellii3.140,A.thaliana3.140,P.vulgaris3.140,plants3.141,S.lycopersicum3.142,S.pennellii3.142,A.thaliana3.143,S.lycopersicum3.144,plants3.147,A.thaliana3.149,A.thaliana3.150,O.sativa3.150,S.tuberosum3.150,G.Max3.150,plants3.152,S.lycopersicum3.153,S.pennellii3.153,tomato3.154,A.thaliana3.154,O.sativa3.154,tomato3.156,tomato3.160,A.thaliana3.161,Angiosperms3.162,plants3.164,S.lycopersicum3.167,S.pennellii3.167,plants3.167,S.lycopersicum3.168,S.pennellii3.168,S.lycopersicum3.170,S.pennellii3.170,sweetorange3.176,S.lycopersicum3.177,S.pennellii3.177,S.lycopersicum3.178,S.lycopersicum3.180,S.lycopersicum3.182,S.pennellii3.183,S.lycopersicum3.183,plants3.184,A.thaliana3.184,P.trichocarpa3.184,O.sativa3.184,P.vulgaris3.184,Sorghum3.184,Catharanthus3.184,S.lycopersicum3.185,S.pennellii3.185,plants3.186,A.thaliana3.186,P.trichocarpa3.186,O.sativa3.186,S.lycopersicum3.187,S.pennellii3.187,O.sativa3.187,A.thaliana3.187,plants3.188,tomato3.190,Solanaceae3.190,S.lycopersicum3.191,S.pennellii3.191,Solanaceae3.191,S.lycopersicum3.192,S.pennellii3.192,Fabaceae3.192,Brassicaceae3.192,A.thaliana3.193,O.sativa3.193,G.max3.193,P.vulgaris3.193,Monocotyledons3.193,A.thaliana3.194,Ferns3.194,Angiosperms3.194,Monocotyledons3.194,Eudicots3.194,plants3.195,S.tuberosum3.195,O.sativa3.195,C.sinensis3.195,P.vulgaris3.195,P.trichocarpa3.196,O.sativa3.196,Z.mays3.196,S.tuberosum3.196,A.thaliana3.196,Brassica3.196,A.thaliana3.197,O.sativa3.197,P.vulgaris3.197,V.vinifera3.197,Solanum3.198,Lycium3.198,S.lycopersicum3.199,tomato3.199,S.pennellii3.199,Solanaceae3.199,solanum3.199,A.thaliana3.201,O.sativa3.201,S.lycopersicum3.202,S.pennellii3.202,S.lycopersicum3.203,tomato3.204,S.lycopersicum3.205,tomato3.205,S.pennellii3.205,rice3.206,Poncirus3.206,Chinesekale3.208,kale3.208,S.lycopersicum3.208,plants3.209,O.sativa3.209,S.pennellii3.211,S.lycopersicum3.211,S.pennellii3.212,rice3.213,S.tuberosum3.213,Citrus3.214,Citrusgrandis3.214,maize3.215,plants3.216,A.thaliana3.216,rice3.216,S.pennellii3.217,S.lycopersicum3.217,plants3.217,A.thaliana3.219,O.sativa3.219,Z.mays3.219,P.vulgaris3.219,Hordeum3.219,Hordeumvulgare3.219,Gossypium3.219,Gossypiumhirsutum3.219,barley3.220,S.pennellii3.223,rice3.225,maize3.225,A.thaliana3.226,Camellia3.227,Camelliasinensis3.227,S.lycopersicum3.230,S.lycopersicum3.231,S.pennellii3.237,tomato3.238,S.lycopersicum3.238,S.pennellii3.238,plants3.239,tomato3.239,S.lycopersicum3.240,A.thaliana3.240,Solanum3.240,Solanumtuberosum3.240,S.lycopersicum3.241,S.pennellii3.241,tomato3.242,S.lycopersicum3.242,S.pennellii3.242,S.lycopersicum3.248,S.lycopersicum3.251,S.pennellii3.251,S.lycopersicum3.264,S.pennellii3.264,tomato3.267,Solanum3.268,Solanumlycopersicum3.268,Solanumpennellii3.268,plants3.268,tomato3.313,Solanumlycopersicum3.313,Solanum3.313,Solanumpennellii3.313,S.lycopersicum3.314,S.pennellii3.314,S.lycopersicum3.317,S.pennellii3.317,S.lycopersicum3.318,S.pennellii3.318,S.lycopersicum3.321, microRNAs1.1,MicroRNAs2.3,miRNA2.5,miRNA2.6,smallRNAs2.7,miRNA2.8,miRNAs2.9,miRNAs2.10,miRNAs2.11,miRNA2.12,smallRNAs3.19,smallRNAs3.20,microRNAs3.20,miRNAs3.20,miRNAs3.21,smallRNAs3.21,miRNA3.22,miRNA3.23,miRNA3.24,miRNAs3.24,miRNA3.25,miRNAs3.25,miRNAs3.26,miRNAs3.27,miRNA3.28,miRNAs3.29,miRNAs3.31,miRNA3.32,miRNAs3.33,miRNA3.33,miRNAs3.34,miRNAs3.35,miRNAs3.36,miRNA3.36,miRNAs3.37,smallRNAs3.38,smallRNA3.38,smallRNAs3.39,miRNAs3.39,smallRNAs3.40,smallRNA3.42,miRNA3.42,miRNAs3.52,miRNAs3.62,miRNA3.62,miRNAs3.63,miRNA3.63,miRNAs3.64,miRNA3.64,miRNAs3.66,miRNA3.66,miRNAs3.67,miRNA3.68,miRNAs3.70,miRNA3.71,miRNA3.72,miRNA3.73,miRNAs3.73,miRNAs3.75,miRNAs3.76,miRNAs3.77,miRNAs3.78,miRNA3.78,miRNAs3.80,miRNAs3.87,miRNAs3.92,miRNA3.94,miRNAs3.95,miRNA3.98,miRNAs3.98,miRNA3.99,miRNAs3.99,miRNA3.100,miRNA3.104,miRNAs3.108,miRNAs3.109,miRNAs3.114,miRNAs3.115,miRNAs3.117,miRNA3.117,miRNA3.124,miRNA3.130,miRNAs3.131,smallRNAs3.131,smallRNA3.131,miRNAs3.132,smallRNA3.132,miRNA3.133,miRNAs3.133,miRNA3.135,miRNAs3.136,miRNAs3.137,miRNA3.138,miRNA3.140,miRNA3.141,miRNAs3.142,miRNA3.151,miRNA3.152,miRNA3.160,miRNA3.163,smallRNAs3.164,miRNA3.165,miRNA3.168,miRNA3.171,miRNAs3.171,miRNAs3.173,miRNA3.177,miRNAs3.177,miRNAs3.178,miRNAs3.179,miRNAs3.180,miRNAs3.181,miRNAs3.182,miRNAs3.183,miRNA3.183,miRNAs3.184,miRNA3.185,miRNA3.186,miRNAs3.186,miRNA3.187,miRNAs3.188,miRNAs3.189,miRNA3.189,miRNAs3.190,miRNAs3.191,miRNA3.192,miRNA3.193,miRNAs3.197,miRNAs3.199,miRNAs3.201,miRNAs3.207,miRNA3.222,miRNAs3.223,miRNAs3.230,smallRNAs3.230,miRNAs3.231,miRNAs3.232,miRNAs3.233,miRNAs3.234,miRNA3.235,miRNAs3.235,miRNAs3.236,miRNAs3.237,smallRNAs3.237,miRNAs3.238,miRNAs3.239,miRNA3.239,miRNA3.240,smallRNA3.240,smallRNA3.241,miRNAs3.241,miRNAs3.244,miRNA3.245,miRNAs3.246,miRNA3.247,miRNAs3.247,miRNAs3.248,miRNAs3.250,miRNA3.251,miRNA3.253,miRNAs3.255,miRNAs3.256,miRNA3.257,miRNAs3.258,miRNA3.261,miRNA3.262,miRNAs3.264,miRNA3.264,miRNA3.265,miRNA3.267,miRNA3.294,miRNA3.295,miRNA3.298,miRNA3.299,miRNA3.309,miRNAs3.310,miRNA3.313,miRNAs3.321,smallRNA3.321,miRNAs3.324,
PMC5831009, unknown, True, True, True, True, tomato1.1,Solanumlycopersicum1.1,Solanum1.1,tomato2.5,plants2.5,tomato2.8,Solanum3.1,Solanumlycopersicum3.1,tomato3.1,plants3.1,tomato3.2,plants3.4,Arabidopsis3.13,Arabidopsis3.15,Arabidopsisthaliana3.15,Zea3.15,Zeamays3.15,Maize3.15,Oryza3.15,Oryzasativa3.15,Populus3.15,Poplar3.15,Populustrichocarpa3.15,Solanum3.15,Solanumlycopersicum3.15,Tomato3.15,Chinesecabbage3.15,cabbage3.15,Brassica3.15,Brassicarapa3.15,Sorghum3.15,Sorghumbicolor3.15,Musa3.15,Musaacuminata3.15,Banana3.15,tomato3.19,tomato3.22,plants3.22,Solanum3.23,Solanumlycopersicum3.23,plants3.23,plants3.24,tomato3.25,tomato3.29,plants3.31,plants3.32,plants3.34,Plants3.36,plants3.37,tomato3.38,plants3.40,plants3.41,plants3.42,plants3.44,plants3.45,plants3.47,plants3.49,Tomato3.62,tomato3.63,plants3.65,codon3.70,tomato3.82,Tomato3.82,tomato3.84,plants3.85,tomato3.86,tomato3.91,Tomato3.91,tomato3.95,Tomato3.95,tomato3.96,plants3.97,plants3.99,plants3.100,tomato3.100,tomato3.101,plants3.101,tomato3.103,Tomato3.123,plants3.124,plants3.125,tomato3.125,tomato3.126,plants3.126,plants3.128,plants3.130,tomato3.130,tomato3.131,plants3.131,Tomato3.140,Plants3.152,Arabidopsis3.156,Arabidopsisthaliana3.156,Arabidopsis3.157,Arabidopsisthaliana3.157,Oryza3.157,Oryzasativa3.157,tomato3.158,tomato3.161,Arabidopsis3.166,Arabidopsisthaliana3.166,cotton3.167,rice3.168,Striga3.168,Strigahermonthica3.168,tomato3.170,plants3.171,tomato3.173,tomato3.174,plants3.174,Arabidopsis3.175,tomato3.182,rice3.184,rice3.185,Sorghum3.187,Sorghumbicolor3.187,Glycine3.188,Glycinemax3.188,Soybean3.188,Arabidopsis3.193,Solanum3.196,Solanumlycopersicum3.196,Arabidopsis3.196,Arabidopsisthaliana3.196,Arabidopsis3.204,Arabidopsisthaliana3.204,tomato3.205,Arabidopsis3.207,Arabidopsisthaliana3.207,Dicots3.212,cassava3.213,Manihotesculenta3.213,Manihot3.213,tomato3.218,tomato3.222,tomato3.223,tomato3.225,plants3.225,tomato3.227,Solanum3.229,Solanumlycopersicum3.229, miRNA2.9,smallRNA3.16,miRNA3.16,miRNAs3.17,miRNAs3.18,miRNAs3.19,miRNA3.21,miRNA3.121,miRNAs3.133,miRNA3.136,miRNAs3.207,miRNAs3.208,miRNAs3.209,miRNA3.221,miRNA3.224,
PMC9569937, unknown, True, True, True, True, Tomato1.1,Arabidopsis2.2,rice2.2,plants2.2,Arabidopsis2.3,rice2.3,Tomato2.4,tomato2.5,tomato2.6,tomato2.7,Solanaceae2.8,tomato2.8,tomato2.9,Solanum3.19,Solanumlycopersicum3.19,Tomato3.19,tomato3.20,Arabidopsis3.20,tomato3.21,tomato3.22,tomato3.23,tomato3.25,tomato3.26,tomato3.27,Tomato3.27,tomato3.29,tomato3.30,tomato3.31,tomato3.32,tomato3.33,tomato3.35,tomato3.42,tomato3.45,Solanaceae3.45,plants3.45,tomato3.48,tomato3.49,tomato3.52,tomato3.54,tomato3.55,tomato3.56,tomato3.59,rice3.62,Arabidopsis3.63,Arabidopsis3.64,rice3.64,tomato3.64,tomato3.77,Tomato3.77,tomato3.92,Arabidopsis3.94,Arabidopsis3.96,Tomato3.96,tomato3.98,tomato3.103,Arabidopsis3.103,tomato3.104,Tomato3.105,tomato3.111,tomato3.112,Tomato3.116,tomato3.118,plants3.118,plants3.120,plants3.121,plants3.122,plants3.123,tomato3.126,tomato3.127,Arabidopsis3.127,tomato3.128,plants3.130,tomato3.133,tomato3.134,Arabidopsis3.134,plants3.138,Tomato3.141,tomato3.143,tomato3.145,plants3.150,tomato3.150,tomato3.151,Arabidopsis3.151,Arabidopsislyrata3.151,tomato3.155,plants3.156,tomato3.158,Arabidopsis3.158,tomato3.159,Solanum3.159,Solanumpimpinellifolium3.159,plants3.160,tomato3.162,Tomato3.164,plants3.166,plants3.167,plants3.168,tomato3.169,plants3.172,tomato3.174,Arabidopsis3.175,plants3.178,plants3.181,tomato3.184,Arabidopsis3.184,tomato3.186,tomato3.193,tomato3.194,plants3.197,tomato3.198,landplants3.199,plants3.199,tomato3.200,Arabidopsis3.200,TEOSINTE3.201,Arabidopsis3.202,plants3.203,tomato3.204,tomato3.208,plants3.208,Arabidopsis3.211,plants3.211,B.cinerea3.211,tomato3.213,Arabidopsis3.213,Tomato3.215,tomato3.220,Arabidopsis3.220,tomato3.223,tomato3.225,Arabidopsis3.225,Tomato3.227,plants3.229,plants3.230,plants3.232,tomato3.234,tomato3.238,Tomato3.240,plants3.242,tomato3.245,tomato3.246,tomato3.250,plants3.251,tomato3.252,tomato3.256,plants3.258,f.sp.3.258,tomato3.260,Tomato3.260,tomato3.266,tomato3.268,tomato3.269,Solanaceae3.269,Tomato3.271,tomato3.272,tomato3.274,tomato3.277,tomato3.284,plants3.287,plants3.289,tomato3.289,tomato3.291,Solanaceae3.292,tomato3.293,tomato3.296,rice3.296,Arabidopsis3.296,tomato3.297,tomato3.299,tomato3.300,tomato3.303,tomato3.304,tomato3.305,tomato3.306,Solanaceae3.306, MicroRNAs1.1,miRNAs2.1,smallRNAs2.1,MicroRNAs2.1,miRNAs2.3,miRNAs2.4,miRNAs2.5,miRNAs2.8,miRNAs2.9,miRNA2.9,smallRNAs3.1,smallRNAs3.2,miRNAs3.3,smallRNAs3.3,MicroRNAs3.3,miRNAs3.4,MiRNAs3.4,miRNAs3.5,MICRORNA3.6,miRNAs3.6,miRNAs3.7,miRNAs3.8,microRNA3.8,miRNA3.8,miRNA3.9,miRNAs3.10,miRNA3.11,miRNA3.12,miRNAs3.13,miRNA3.13,miRNAs3.14,miRNA3.14,miRNAs3.15,smallRNA3.15,miRNA3.16,miRNAs3.17,miRNA3.18,miRNAs3.19,miRNAs3.20,miRNA3.20,smallRNAs3.21,miRNAs3.21,miRNA3.22,smallRNA3.22,miRNAs3.24,miRNAs3.25,miRNAs3.26,miRNA3.27,miRNAs3.27,smallRNA3.28,miRNAs3.28,smallRNAs3.29,miRNAs3.29,smallRNAs3.31,smallRNA3.33,smallRNA3.34,smallRNAs3.35,smallRNA3.35,miRNA3.35,smallRNA3.36,miRNA3.37,miRNAs3.42,miRNAs3.45,miRNAs3.46,miRNA3.47,smallRNAs3.47,miRNAs3.48,miRNA3.48,miRNAs3.49,miRNA3.51,miRNAs3.52,miRNA3.53,miRNAs3.54,miRNA3.54,miRNAs3.55,miRNAs3.56,miRNA3.57,smallRNA3.59,miRNAs3.60,miRNA3.61,miRNA3.65,miRNAs3.66,miRNAs3.67,miRNA3.68,miRNA3.69,miRNA3.72,miRNA3.76,miRNAs3.77,miRNA3.78,miRNAs3.79,miRNAs3.80,miRNA3.80,miRNA3.82,miRNA3.83,miRNA3.84,miRNA3.85,miRNA3.86,miRNA3.87,miRNA3.88,miRNA3.89,miRNA3.90,miRNA3.91,miRNA3.92,miRNAs3.92,miRNAs3.93,miRNA3.194,miRNA3.197,miRNAs3.199,miRNA3.236,smallRNAs3.245,miRNA3.260,miR3.260,miR3.262,miR3.263,miRNA3.268,smallRNAs3.269,smallRNAs3.271,miRNAs3.272,smallRNAs3.274,miRNAs3.274,miRNA3.275,miRNA3.277,miRNAs3.283,miRNA3.284,smallRNAs3.291,miRNAs3.291,smallRNA3.292,miRNAs3.292,miRNA3.293,miRNA3.294,miRNAs3.295,miRNA3.296,miRNAs3.297,miRNAs3.298,miRNAs3.299,miRNAs3.300,miRNA3.301,miRNAs3.303,miRNA3.306,
PMC7304166, unknown, True, True, True, True, tomato1.1,Solanumlycopersicum1.1,Solanum1.1,Tomato2.2,Tomato2.3,tomato2.4,tomato2.5,tomato2.10,Arabidopsis3.3,Arabidopsisthaliana3.3,plants3.9,Arabidopsis3.11,aroma3.11,Solanum3.12,Solanumlycopersicum3.12,tomato3.12,Tomato3.12,tomato3.14,Arabidopsis3.16,maize3.17,Arabidopsis3.18,tomato3.19,tomato3.21,Arabidopsis3.22,tomato3.23,tomato3.26,tomato3.28,Tomato3.28,cauliflower3.29,tomato3.29,Arabidopsis3.34,tomato3.35,tomato3.42,tomato3.55,tomato3.63,tomato3.75,Arabidopsis3.78,tomato3.88,tomato3.96,plants3.97,A.thaliana3.100,tomato3.101,tomato3.102,Itaya3.103,Tomato3.103,plants3.104,Arabidopsis3.104,tomato3.104,Arabidopsis3.105,tomato3.106,Arabidopsis3.106,Antirrhinum3.106,tomato3.108,tomato3.110,Arabidopsis3.110,Arabidopsis3.112,petunia3.112,tomato3.113,tomato3.114,tomato3.115,Arabidopsis3.115,tomato3.118,tomato3.119,tomato3.120,Arabidopsis3.120,Arabidopsis3.124,rose3.124,maize3.124,Arabidopsis3.126,maize3.126,tomato3.127,maize3.134,Arabidopsis3.134,tomato3.134,Arabidopsis3.136,Tomato3.138,Arabidopsis3.140,tomato3.141,Arabidopsis3.144,tomato3.144,Arabidopsis3.148,Arabidopsis3.149,maize3.151,tomato3.152,tomato3.153,tomato3.159,plants3.160,plants3.161,tomato3.167,plants3.168,tomato3.207,Tomato3.210,Tomato3.214,Tomato3.215, miRNAs2.1,miRNA2.4,miRNAs3.1,miRNAs3.2,miRNA3.2,miRNAs3.3,miRNAs3.4,miRNA3.4,miRNAs3.5,miRNAs3.6,miRNAs3.7,miRNA3.8,miRNAs3.9,miRNAs3.10,miRNAs3.11,miRNAs3.14,miRNAs3.15,miRNA3.18,miRNAs3.19,miRNAs3.20,miRNA3.20,miRNA3.42,miRNA3.77,miRNA3.83,miRNA3.84,miRNA3.88,miRNAs3.97,miRNAs3.99,miRNAs3.102,miRNA3.103,miRNAs3.131,miRNA3.131,miRNAs3.135,miRNA3.135,miRNAs3.154,miRNA3.173,miRNA3.174,
PMC6950276, unknown, True, True, True, True, Potato1.1,Tomato1.1,tomato2.1,Potato2.1,tomato2.2,plants2.2,plants2.4,tomato3.10,Solanumlycopersicum3.10,Solanum3.10,Plants3.23,Potato3.25,Solanaceae3.26,potato3.26,pepper3.26,tomato3.26,potato3.29,tobacco3.29,plants3.29,tomato3.30,tomato3.31,tomato3.32,plants3.32,tomato3.33,tomato3.35,tomato3.37,tobacco3.37,Nicotianatabacum3.37,Nicotiana3.37,plants3.38,tomato3.39,plants3.41,plants3.42,plants3.43,tomato3.48,plants3.48,tomato3.52,tomato3.53,tomato3.54,tomato3.59,tomato3.64,tomato3.66,tomato3.68,tomato3.69,tomato3.72,tomato3.78,plants3.84,tomato3.88,tomato3.91,tomato3.94,tomato3.96,tomato3.98,tomato3.102,plants3.117,Tomato3.117,plants3.120,tomato3.122,plants3.124,plants3.125,plants3.127,Tomato3.130,tomato3.132,tomato3.133,tomato3.136,tomato3.139,Tomato3.145,tomato3.147,plants3.152,tomato3.153,tomato3.166,Tomato3.168,tomato3.170,plants3.171,plants3.172,plants3.174,Glycine3.179,tomato3.188,plants3.188,tomato3.197,plants3.197,tomato3.199,plants3.199,tomato3.205,plants3.205,Solanum3.207,Solanumlycopersicum3.207,Tomato3.211,tomato3.212,tomato3.214,tomato3.217,plants3.217,tomato3.219,tomato3.222,plants3.226,tomato3.227,tomato3.228,tomato3.229,plants3.234,tomato3.236,plants3.236,tomato3.238,plants3.238,rice3.242,Arabidopsis3.244,plants3.244,rape3.244,Oilseedrape3.244,plants3.252,plants3.253,tomato3.254,tomato3.257,Tomato3.257,plants3.257,plants3.266,plants3.269,Tomato3.272,tomato3.273,tomato3.274,tomato3.276,tomato3.277,Tobacco3.277,tomato3.278,plants3.278,tomato3.280,plants3.280,tomato3.282, SmallRNA1.1,miRNA2.3,miRNAs2.3,miRNAs2.4,MiRNAs2.4,miRNA2.6,miRNAs2.7,miRNA2.9,miRNAs2.10,smallRNAs3.1,miRNAs3.6,miRNAs3.7,miRNAs3.12,miRNAs3.15,miRNAs3.22,miRNAs3.30,miRNAs3.34,miRNA3.48,miRNA3.49,miRNA3.52,miRNA3.57,miRNAs3.57,miRNA3.58,miRNAs3.59,miRNA3.59,miRNA3.61,miRNAs3.61,SmallRNA3.62,miRNAs3.64,miRNAs3.65,miRNA3.65,miR3.65,miRNAs3.67,miRNA3.67,miRNAs3.68,miRNA3.69,miRNAs3.72,miRNA3.72,miRNAs3.73,miRNA3.73,miRNA3.74,miRNAs3.74,miRNA3.75,miRNAs3.81,miRNAs3.83,miRNA3.83,miRNAs3.84,miRNA3.86,miRNA3.87,miRNAs3.87,miRNAs3.88,miRNA3.88,miRNAs3.89,miRNAs3.96,miRNAs3.97,miRNAs3.98,miRNA3.101,miRNA3.102,miRNA3.103,miRNAs3.129,miRNAs3.131,miRNA3.131,miRNAs3.132,miRNAs3.133,miRNA3.133,miRNA3.134,miRNAs3.134,miRNA3.135,miRNAs3.135,miRNA3.138,miRNA3.139,miRNA3.143,miRNA3.144,miRNAs3.145,miRNAs3.147,miRNA3.147,miRNAs3.148,miRNAs3.149,miRNAs3.150,miRNA3.151,miRNAs3.152,miRNAs3.153,miRNA3.154,miRNAs3.154,miRNA3.155,miRNA3.156,miRNAs3.156,miRNA3.157,miRNAs3.157,miRNAs3.158,miRNAs3.159,miRNA3.160,miRNA3.161,miRNA3.162,miRNAs3.162,miRNAs3.163,miRNAs3.164,miRNAs3.165,miRNA3.165,miRNAs3.166,miRNA3.167,miRNAs3.167,miRNA3.168,miRNA3.169,miRNAs3.169,miRNA3.170,miRNA3.171,miRNAs3.174,miRNA3.174,miRNAs3.175,miRNAs3.177,miRNAs3.178,miRNA3.178,miRNAs3.181,miRNA3.183,miRNA3.184,miRNAs3.184,miRNAs3.186,miRNAs3.187,miRNA3.188,miRNAs3.189,miRNAs3.194,MiRNA3.195,miRNAs3.198,miRNA3.199,miRNA3.201,miRNAs3.205,miRNAs3.206,smallRNAs3.211,miRNA3.211,miRNA3.212,miRNAs3.216,miRNAs3.218,miRNA3.218,miRNA3.220,miRNAs3.222,miRNA3.225,miRNAs3.226,miRNA3.226,miRNA3.228,miRNAs3.229,miRNAs3.230,miRNA3.231,miRNAs3.232,miRNA3.233,miRNA3.234,miRNA3.235,miRNA3.236,miRNA3.237,miRNA3.238,miRNAs3.238,miRNA3.239,miRNA3.240,miRNAs3.242,miRNA3.244,miRNAs3.247,miRNAs3.248,miRNAs3.249,miRNA3.250,miRNA3.251,miRNAs3.251,miRNA3.252,miRNA3.253,miRNAs3.253,miRNA3.256,miRNA3.257,miRNA3.258,miRNA3.259,miRNAs3.260,miRNA3.261,miRNA3.269,miRNA3.281,miRNAs3.283,
PMC6533698, unknown, True, True, False, True, Solanum1.1,Solanumhabrochaites1.1,tomato1.1,S.lycopersicum1.1,tomato2.2,Solanumlycopersicum2.2,Solanum2.2,Solanumhabrochaites2.2,tomato2.3,plants2.4,plants2.6,tomato2.6,tomato2.7,tomato2.8,tomato2.9,tomato2.10,tomato2.11,plants3.1,Arabidopsis3.3,rice3.4,Oryzasativa3.4,Oryza3.4,creepingbentgrass3.4,Agrostisstolonifera3.4,bentgrass3.4,Agrostis3.4,TEOSINTE3.6,plants3.8,plants3.9,plants3.20,tomato3.23,Solanum3.24,Solanumlycopersicum3.24,Tomato3.24,tomato3.25,S.habrochaites3.25,S.habrochaites3.26,tomato3.27,tomato3.28,tomato3.29,tomato3.32,potato3.33,S.habrochaites3.34,tomato3.36,tomato3.37,tomato3.39,potato3.40,S.tuberosum3.40,S.tuberosum3.44,Potato3.44,plants3.46,tomato3.46,plants3.53,plants3.54,plants3.55,plants3.56,plants3.61,plants3.62,plants3.64,tomato3.73,plants3.73,plants3.75,plants3.79,plants3.80,plants3.82,plants3.83,plants3.86,plants3.87,plants3.88,plants3.94,plants3.101,plants3.102,plants3.103,plants3.104,plants3.105,plants3.109,plants3.112,plants3.113,plants3.115,plants3.116,plants3.117,plants3.118,plants3.122,plants3.125,plants3.126,plants3.127,tomato3.127,plants3.128,Arabidopsis3.129,plants3.129,plants3.130,plants3.131,plants3.136,plants3.138,plants3.141,plants3.142,plants3.144,plants3.146,plants3.147,plants3.150,plants3.151,S.habrochaites3.154,tomato3.155,tomato3.156,plants3.157,plants3.158,tomato3.159,tomato3.160,plants3.160,tomato3.161,plants3.162,tomato3.169,tomato3.170,Arabidopsis3.170,plants3.170,Arabidopsis3.171,tomato3.171,tomato3.172,plants3.172,tomato3.173,plants3.174,tomato3.175,plants3.176,tomato3.177,tomato3.178,tomato3.179,plants3.179,plants3.183,tomato3.184,plants3.185,plants3.186,Arabidopsis3.189,plants3.190,plants3.195,tomato3.197,tomato3.201,tomato3.202,tomato3.203,tomato3.204,plants3.205,cucumber3.206,Cucumissativus3.206,Cucumis3.206,tomato3.207,tomato3.214,tomato3.215,tomato3.217,plants3.217,tomato3.218,tomato3.219,tomato3.221,tomato3.222,S.habrochaites3.222,tomato3.223,California3.224,Tomato3.224,tomato3.226,tomato3.230,tomato3.231,tomato3.233,Tomato3.276,tobacco3.280,tomato3.281,plants3.288,plants3.297,potato3.305,S.tuberosum3.305,plants3.311,plants3.314,plants3.317,plants3.318,plants3.323,plants3.327,plants3.328,plants3.329,plants3.330,plants3.331,plants3.339,plants3.341,S.habrochaites3.345,plants3.351, microRNAs3.1,miRNAs3.1,miRNAs3.2,miRNA3.2,miRNA3.14,miRNA3.15,miRNAs3.16,MiRNAs3.30,miRNAs3.182,miRNA3.275,miRNAs3.276,
PMC9697139, unknown, True, True, False, True, Solanum1.1,SolanumLycopersicum1.1,tomato2.2,Solanum2.3,tomato2.3,tomato2.4,tomato2.6,tomato2.9,plants3.3,Arabidopsis3.4,plants3.5,pea3.10,Pisumsativum3.10,Pisum3.10,rice3.12,maize3.13,maize3.14,Populus3.15,Arabidopsis3.16,Arabidopsis3.17,plants3.17,Arabidopsis3.18,Arabidopsis3.19,plants3.19,Arabidopsis3.20,soybean3.21,Arabidopsis3.22,cotton3.23,Arabidopsis3.23,soybean3.23,Solanum3.24,Solanumlycopersicum3.24,Tomato3.24,tomato3.25,tomato3.26,plants3.26,Arabidopsis3.26,rice3.26,tomato3.30,tomato3.31,tomato3.32,tomato3.33,tomato3.35,tomato3.37,tomato3.40,Arabidopsis3.40,monocots3.45,maize3.45,rice3.45,sorghum3.45,dicots3.45,Brassica3.45,Brassicarapa3.45,tomato3.45,Arabidopsis3.45,potato3.45,plants3.45,Chlamydomonas3.46,Chlamydomonasreinhardtii3.46,monocots3.46,dicots3.46,Amborella3.46,Amborellatrichopoda3.46,Physcomitrella3.47,Physcomitrellapatens3.47,A.trichopoda3.47,dicots3.48,monocots3.48,plants3.48,tomato3.49,tomato3.52,potato3.52,Arabidopsis3.59,rice3.59,rice3.63,Arabidopsis3.63,tomato3.66,tomato3.69,tomato3.76,Arabidopsis3.76,rice3.76,rice3.77,Arabidopsis3.77,tomato3.77,Arabidopsis3.78,Arabidopsis3.79,rice3.79,tomato3.82,tomato3.85,tomato3.86,tomato3.87,glycine3.92,tomato3.93,Tomato3.93,tomato3.95,tomato3.99,tomato3.101,tomato3.103,plants3.110,tomato3.110,rose3.120,rose3.121,tomato3.128,tomato3.129,rice3.133,tomato3.137,Chlamydomonas3.140,Chlamydomonasreinhardtii3.140,angiosperms3.141,tomato3.142,potato3.142,Arabidopsis3.142,algae3.142,tomato3.143,potato3.143,tomato3.144,tomato3.148,Arabidopsis3.148,rice3.148,tomato3.150,tomato3.152,Arabidopsis3.152,rice3.152,tomato3.153,Arabidopsis3.153,rice3.153,Arabidopsis3.154,rice3.154,tomato3.154,tomato3.158,tomato3.159,tomato3.160,tomato3.162,tomato3.166,tomato3.168,tomato3.169,plants3.170,tomato3.171,tomato3.173,tomato3.175,tomato3.176,tomato3.178,bamboo3.181,Arabidopsis3.181,plants3.181,maize3.181,tomato3.183,Arabidopsis3.184,plants3.184,tomato3.187,tomato3.190,pepper3.191,tomato3.193,rice3.193,tomato3.197,tomato3.200,tomato3.201,Arabidopsis3.203,Arabidopsisthaliana3.203,Tomato3.203,Arabidopsis3.204,Arabidopsis3.210,tomato3.210,rice3.210,Tomato3.214,Physcomitrium3.215,Physcomitriumpatens3.215,Amborella3.215,Amborellatrichopoda3.215,tomato3.215,potato3.215,Arabidopsis3.215,Sorghum3.215,Sorghumbicolor3.215,rice3.215,maize3.215,Brassica3.215,Brassicarapa3.215,plants3.222,tomato3.223,Arabidopsis3.223,rice3.223,tomato3.225,tomato3.228,Solanum3.233,Solanumlycopersicum3.233,plants3.235,tomato3.236,tomato3.238,plants3.238,plants3.239,tomato3.240,plants3.241,Tomato3.242,tomato3.248,tomato3.254,maize3.260,rice3.262,tomato3.267,tomato3.268,tomato3.269,tomato3.270,tomato3.272, miRNA3.81,microRNAs3.84,miRNAs3.84,miRNA3.84,miRNA3.85,miRNAs3.86,miRNAs3.158,miRNA3.158,miRNAs3.161,miRNAs3.162,miRNA3.225,
PMC6627569, unknown, True, True, True, True, Solanum1.1,Solanumlycopersicum1.1,Solanum2.1,Solanumlycopersicum2.1,Tomato2.1,tomato2.2,plants2.2,B.cinerea2.2,tomato2.3,B.cinerea2.6,tomato2.9,plants2.9,plants3.1,plants3.4,Solanaceae3.5,plants3.5,grasses3.5,legumes3.5,plants3.6,plants3.9,plants3.12,tomato3.13,Solanumlycopersicum3.13,Solanum3.13,Solanaceae3.13,tomato3.14,B.cinerea3.14,tomato3.17,Solanumlycopersicum3.17,plants3.17,Solanum3.17,tomato3.19,plants3.19,potato3.20,tomato3.20,plants3.20,plants3.22,tomato3.22,Potato3.22,Plants3.23,tomato3.24,tomato3.27,plants3.27,plants3.29,tomato3.30,plants3.30,B.cinerea3.30,B.cinerea3.35,tomato3.49,S.lycopersicum3.49,tomato3.60,tomato3.73,Tomato3.73,plants3.73,Plants3.73,B.cinerea3.73,S.lycopersicum3.81,tomato3.82,S.lycopersicum3.82,S.tuberosum3.82,A.thaliana3.82,N.tabacum3.82,B.cinerea3.84,tomato3.89,tomato3.90,B.cinerea3.95,B.cinerea3.96,tomato3.102,S.lycopersicum3.102,tomato3.108,B.cinerea3.109,tomato3.111,tomato3.114,plants3.114,B.cinerea3.114,tomato3.115,tomato3.117,tomato3.120,B.cinerea3.123,B.cinerea3.125,Tomato3.125,tomato3.126,plants3.127,tomato3.128,Capsicum3.129,Capsicumannuum3.129,Arabidopsis3.130,tomato3.132,tomato3.133,tomato3.135,plants3.135,B.cinerea3.136,plants3.136,tomato3.137,B.cinerea3.137,B.cinerea3.138,tomato3.138,plants3.139,Arabidopsis3.140,Arabidopsis3.141,tomato3.142,Arabidopsis3.142,tomato3.144,plants3.144,plants3.146,Solanum3.146,Nicotiana3.147,Nicotianabenthamiana3.147,plants3.147,Arabidopsis3.147,potato3.148,plants3.148,tomato3.149,plants3.149,plants3.154,Tomato3.154,plants3.155,tomato3.156,plants3.156,Nicotiana3.157,Nicotianaattenuata3.157,Aquilaria3.159,Aquilariasinensis3.159,tomato3.160,plants3.160,tomato3.161,plants3.161,plants3.162,plants3.163,plants3.168,tomato3.169,B.cinerea3.170,plants3.171,tomato3.174,plants3.174,B.cinerea3.174,tomato3.175,plants3.175,B.cinerea3.181,tomato3.181,plants3.181,Arabidopsis3.183,plants3.184,Solanum3.185,Solanumtuberosum3.185,Arabidopsis3.185,tomato3.186,B.cinerea3.186,plants3.188,Arabidopsis3.190,plants3.190,B.cinerea3.191,tomato3.191,plants3.191,tomato3.193,Arabidopsis3.193,tomato3.195,Nicotiana3.196,Solanum3.196,tomato3.198,plants3.200,Nicotiana3.202,Nicotianatabacum3.202,tomato3.203,tomato3.207,tomato3.208,tomato3.209,B.cinerea3.209,plants3.210, microRNAs1.1,microRNA2.2,miRNA2.2,miRNAs2.3,miRNAs2.4,miRNAs2.5,miRNAs2.6,miRNAs2.7,miRNAs2.8,miRNAs2.9,smallRNAs3.2,miRNAs3.3,MicroRNAs3.3,miRNAs3.5,smallRNA3.5,miRNA3.5,miRNAs3.6,miRNA3.6,miRNAs3.7,miRNA3.9,miRNAs3.10,miRNA3.10,miRNAs3.11,miRNA3.12,miRNAs3.13,miRNA3.14,miRNAs3.14,miRNAs3.15,SmallRNA3.35,miRNA3.37,miRNAs3.38,SmallRNA3.38,miRNA3.41,miRNAs3.49,miRNA3.52,miRNA3.58,miRNA3.60,miRNAs3.60,miRNA3.64,miRNA3.68,miRNA3.69,miRNAs3.69,miRNAs3.70,miRNAs3.73,SmallRNAs3.73,miRNA3.76,miRNAs3.82,miRNAs3.83,miRNAs3.84,miRNAs3.85,miRNA3.85,miRNAs3.86,miRNAs3.87,miRNAs3.88,miRNAs3.89,miRNAs3.90,miRNA3.91,miRNAs3.92,miRNAs3.93,miRNAs3.94,miRNAs3.95,miRNAs3.96,miRNAs3.97,miRNA3.98,miRNAs3.98,miRNAs3.99,miRNAs3.101,miRNAs3.102,miRNAs3.103,miRNAs3.104,miRNA3.104,miRNA3.105,miRNAs3.107,miRNA3.108,miRNAs3.108,miRNA3.114,miRNAs3.115,miRNAs3.116,miRNAs3.117,miR3.117,miRNAs3.118,miRNA3.119,miRNAs3.120,miRNA3.121,miRNAs3.121,miRNAs3.122,miRNAs3.123,miRNAs3.124,miRNAs3.125,miRNAs3.126,miRNAs3.127,miRNAs3.130,miRNAs3.131,miRNA3.131,miR3.132,microRNAs3.133,miRNA3.134,miRNAs3.136,miRNAs3.137,miRNAs3.139,microRNA3.141,miRNA3.143,miRNA3.144,miRNAs3.150,miRNAs3.151,miRNA3.151,miRNAs3.154,miRNA3.155,miRNAs3.156,miRNAs3.158,miRNA3.158,miRNAs3.159,miRNA3.161,miRNAs3.161,miRNAs3.162,miRNAs3.164,miRNAs3.166,microRNA3.167,miRNAs3.168,miRNAs3.169,miRNAs3.170,miRNAs3.171,miRNA3.171,miRNA3.172,miRNA3.173,miRNA3.174,miRNAs3.175,miRNAs3.176,miRNAs3.177,miRNAs3.178,miRNA3.179,miRNA3.180,miRNAs3.181,miRNA3.181,miRNA3.182,miRNA3.186,miRNA3.191,miRNA3.192,miRNA3.207,miRNAs3.208,miRNA3.209,miRNAs3.209,miRNAs3.210,
PMC9915548, unknown, True, True, False, True, Tomato1.1,plants2.1,tomato2.3,tomato2.5,tomato2.8,plants3.3,plants3.4,plants3.5,rice3.5,wheat3.5,tomato3.5,plants3.6,Arabidopsis3.7,plants3.7,tomato3.7,plants3.8,Arabidopsis3.9,alfalfa3.9,Arabidopsis3.10,wheat3.11,rice3.11,plants3.12,Arabidopsis3.13,plants3.15,tomato3.17,bamboo3.18,rice3.18,Solanum3.20,Solanumlycopersicum3.20,Tomato3.20,tomato3.21,tomato3.22,Tomato3.23,tomato3.24,tomato3.26,tomato3.27,tomato3.28,tomato3.29,tomato3.30,tomato3.34,tomato3.37,tomato3.39,tomato3.40,tomato3.42,tomato3.44,tomato3.48,tomato3.49,plants3.54,tomato3.54,Arabidopsis3.54,tomato3.55,tomato3.56,plants3.57,tomato3.58,plants3.60,tomato3.62,plants3.63,tomato3.64,Arabidopsis3.68,tomato3.68,tomato3.69,tomato3.71,tomato3.75,tomato3.78,tomato3.80,plants3.81,plants3.83,tomato3.83,tomato3.84,tomato3.87,Solanumlycopersicum3.87,Solanum3.87,Tomato3.92,tomato3.93,tomato3.95,Tomato3.95,Tomato3.96,tomato3.98,tomato3.99,tomato3.100,tomato3.114,tomato3.122,plants3.123, miRNAs3.5,MicroRNAs3.5,miRNAs3.53,miRNAs3.54,miRNA3.115,miRNA3.123,
PMC5485680, unknown, True, True, True, True, tomato1.1,tomato2.6,tomato2.7,tomato2.8,Solanum2.8,Solanumpennellii2.8,tomato2.15,tomato2.16,plants3.3,Arabidopsis3.8,tomato3.8,maize3.8,Arabidopsis3.14,rice3.14,maize3.14,cotton3.14,wheat3.14,soybean3.14,tomato3.15,tomato3.16,Solanum3.17,Solanumlycopersicum3.17,Tomato3.17,tomato3.18,tomato3.19,tomato3.20,tomato3.21,S.lycopersicum3.21,S.pennellii3.21,S.pennellii3.23,tomato3.23,tomato3.25,tomato3.26,tomato3.31,tomato3.32,tomato3.34,tomato3.36,tomato3.48,tomato3.54,tomato3.55,tomato3.65,tomato3.81,tomato3.96,tomato3.98,tomato3.115,tomato3.181,tomato3.189,tomato3.191,tomato3.192,tomato3.193,tomato3.194,tomato3.206,rice3.207,tomato3.207,tomato3.208,Arabidopsis3.208,tomato3.209,rice3.211,wheat3.211,tomato3.211,tomato3.214,Arabidopsis3.214,rice3.214,wheat3.214,tomato3.215,tomato3.223,tomato3.226,plants3.226,tomato3.229,tomato3.231,tomato3.232,tomato3.238,tomato3.242,tomato3.249,Arabidopsis3.253,rice3.253,plants3.254,tomato3.257,Arabidopsis3.259,rice3.259,tomato3.261,Arabidopsis3.263,rice3.263,cotton3.263,poplar3.263,tomato3.264,tomato3.266,Arabidopsis3.272,plants3.272,apple3.273,Arabidopsis3.273,plants3.273,tomato3.274,tomato3.280,tomato3.285,tomato3.286,Tomato3.286,California3.286,S.pennellii3.287,tomato3.291,tomato3.292,plants3.292,S.lycopersicum3.306,tomato3.309,tomato3.317,Tomato3.333,tomato3.337,tomato3.347,tomato3.357,tomato3.361,tomato3.364,tomato3.366,tomato3.368,tomato3.370,tomato3.372,tomato3.377,tomato3.382,tomato3.389,tomato3.394, microRNA1.1,microRNAs2.5,microRNA2.6,microRNA2.7,smallRNA2.10,microRNAs2.11,microRNAs2.12,microRNAs2.15,microRNAs2.16,microRNAs3.10,miRNAs3.10,miRNAs3.11,smallRNAs3.11,MiRNAs3.12,miRNAs3.13,miRNAs3.14,miRNAs3.15,miRNAs3.16,miRNAs3.32,miRNAs3.33,miRNAs3.34,smallRNA3.48,miRNAs3.48,smallRNAs3.51,smallRNAs3.52,smallRNA3.53,smallRNAs3.54,smallRNA3.54,miRNA3.55,miRNAs3.55,miRNAs3.56,miRNA3.56,miRNAs3.57,miRNA3.57,miRNAs3.58,miRNAs3.59,miRNA3.60,miRNAs3.61,miRNAs3.62,miRNAs3.64,miRNAs3.65,miRNAs3.66,miRNAs3.67,miRNA3.68,miRNAs3.68,miRNA3.69,miRNAs3.70,miRNAs3.71,miRNAs3.73,miRNAs3.74,miRNAs3.75,miRNAs3.76,miRNAs3.77,miRNAs3.78,miRNAs3.79,miRNAs3.81,miR3.81,smallRNA3.81,miRNAs3.82,miRNAs3.83,miRNAs3.85,miRNA3.85,miRNAs3.86,miRNA3.86,miRNAs3.87,miRNA3.88,miRNAs3.88,miRNAs3.89,miRNAs3.90,miRNAs3.91,miRNAs3.92,miRNAs3.93,miRNAs3.95,miRNAs3.96,miRNAs3.133,miRNAs3.134,miRNAs3.137,miRNAs3.138,miRNAs3.141,miRNAs3.144,miRNAs3.151,miRNA3.154,miRNAs3.154,miRNAs3.156,miRNAs3.157,miRNAs3.158,miRNAs3.159,miRNAs3.163,miRNAs3.169,miRNA3.169,miRNAs3.170,miRNA3.171,miRNA3.172,miRNA3.173,miRNA3.174,miRNA3.175,miRNAs3.176,miRNAs3.177,smallRNA3.177,smallRNA3.178,miRNAs3.181,miRNA3.182,miRNA3.189,miRNAs3.202,miRNAs3.203,miRNAs3.204,miRNA3.205,miRNA3.206,smallRNA3.206,miRNAs3.206,miRNAs3.207,miRNAs3.208,miRNAs3.210,miRNAs3.211,miRNAs3.213,miRNAs3.214,miRNAs3.215,miRNAs3.216,miRNA3.218,miRNAs3.219,miRNAs3.221,miRNAs3.222,miRNAs3.223,miRNAs3.224,microRNAs3.226,miRNA3.233,miRNA3.249,miRNAs3.249,miRNAs3.250,miRNAs3.266,miRNA3.277,miRNAs3.278,miRNAs3.279,miRNAs3.281,miRNAs3.284,miRNAs3.285,smallRNA3.303,smallRNA3.305,smallRNAs3.306,miRNAs3.309,SmallRNA3.309,miRNAs3.310,miRNAs3.311,miR3.311,miRNA3.312,miRNAs3.312,miRNAs3.314,miRNA3.321,miRNAs3.321,miRNA3.325,miRNA3.326,miRNAs3.330,miRNA3.332,miRNAs3.337,miRNA3.338,miRNAs3.347,miRNA3.348,miRNAs3.374,miRNAs3.377,miRNAs3.382,miRNAs3.384,miRNAs3.386,miRNAs3.389,miRNAs3.394,miRNAs3.396,miRNAs3.399,
PMC3336131, unknown, False, False, False, False,
PMC6958596, unknown, True, True, True, True, tomato1.1,tomato2.4,tomato2.5,plants2.9,Solanum3.1,Solanumlycopersicum3.1,Tomato3.2,tomato3.5,plants3.5,plants3.8,plants3.11,tomato3.12,soybean3.14,longan3.14,Brassica3.14,Brassicarapa3.14,Arabidopsis3.16,Arabidopsisthaliana3.16,wheat3.16,tomato3.17,tomato3.18,plants3.19,tomato3.20,plants3.20,tomato3.23,tomato3.31,tomato3.66,plants3.70,tomato3.71,tomato3.73,tomato3.76,Brassica3.85,Brassicarapa3.85,sugarcane3.91,maize3.91,radish3.91,Arabidopsis3.96,Arabidopsisthaliana3.96,plants3.100,tomato3.104,plants3.104,Clematis3.105,Clematispaniculata3.105,Arabidopsis3.106,plants3.108,tomato3.110,tomato3.114,Solanumlycopersicum3.114,Solanum3.114,tomato3.119,plants3.123,tomato3.125,plants3.125,tomato3.141,tomato3.143, microRNAs1.1,miRNAs2.2,MicroRNAs2.2,miRNAs2.3,miRNAs2.4,miRNAs2.5,miRNAs2.6,miRNAs2.9,miRNAs3.3,MicroRNAs3.3,miRNAs3.4,miRNA3.4,MiRNAs3.5,miRNAs3.6,miRNAs3.14,miRNAs3.17,miRNAs3.18,miRNAs3.19,smallRNAs3.20,smallRNAs3.28,miRNAs3.31,miRNA3.31,miRNAs3.32,miRNAs3.34,miRNAs3.35,miRNA3.35,miRNAs3.37,miRNAs3.38,miRNAs3.39,miRNA3.40,miRNA3.41,miRNA3.42,miRNAs3.43,miRNAs3.44,miRNAs3.45,miRNAs3.47,miRNAs3.51,miRNA3.56,miRNA3.57,miRNA3.59,miRNAs3.60,miRNAs3.61,miRNAs3.62,miRNAs3.63,miRNAs3.64,miRNAs3.65,smallRNAs3.68,miRNAs3.68,miRNA3.69,miRNAs3.70,miRNAs3.71,miRNAs3.74,miRNAs3.77,miRNAs3.78,miRNAs3.79,miRNAs3.80,miRNAs3.82,miRNAs3.83,miRNAs3.90,miRNAs3.93,miRNAs3.109,miRNAs3.110,miRNAs3.113,MiRNA3.125,smallRNA3.127,smallRNA3.128,miRNAs3.140,miRNA3.141,miRNAs3.142,miRNA3.143,miRNAs3.144,miRNAs3.147,miRNA3.147,miRNAs3.148,miRNA3.150,miRNAs3.152,miRNA3.153,miRNAs3.158,miRNAs3.160,miRNA3.160,miRNA3.162,miRNAs3.165,miRNA3.165,miRNA3.167,